"Date","Price","Open","High","Low","Vol.","Change %"
"01/29/2026","140.07","140.40","142.32","139.13","13.87M","1.81%"
"01/28/2026","137.58","137.69","138.01","136.67","15.64M","0.55%"
"01/27/2026","136.83","135.24","136.93","134.71","14.52M","1.48%"
"01/26/2026","134.84","136.93","136.94","134.17","16.06M","-0.10%"
"01/23/2026","134.97","135.09","135.98","134.48","17.76M","1.00%"
"01/22/2026","133.64","133.05","134.18","131.85","16.60M","0.02%"
"01/21/2026","133.61","131.91","133.73","131.91","18.88M","2.41%"
"01/20/2026","130.46","131.51","131.94","130.07","16.48M","0.44%"
"01/16/2026","129.89","128.91","130.16","128.87","16.59M","0.59%"
"01/15/2026","129.13","129.13","130.20","128.30","17.40M","-0.82%"
"01/14/2026","130.20","127.35","131.72","127.13","27.59M","2.89%"
"01/13/2026","126.54","125.00","127.14","124.81","21.62M","2.02%"
"01/12/2026","124.03","124.46","124.50","122.56","15.31M","-0.47%"
"01/09/2026","124.61","123.23","124.86","123.10","16.14M","1.38%"
"01/08/2026","122.91","118.98","123.63","118.65","20.23M","3.73%"
"01/07/2026","118.49","119.80","120.12","118.27","20.35M","-2.11%"
"01/06/2026","121.05","125.35","125.80","121.00","23.33M","-3.44%"
"01/05/2026","125.36","125.21","125.93","122.39","30.11M","2.21%"
"01/02/2026","122.65","120.09","122.68","119.61","14.18M","1.92%"
"12/31/2025","120.34","121.18","121.26","119.86","10.56M","-0.54%"
"12/30/2025","120.99","121.10","121.80","120.63","11.15M","0.38%"
"12/29/2025","120.53","120.15","121.30","119.40","14.78M","1.19%"
"12/26/2025","119.11","118.89","119.55","118.53","8.07M","-0.09%"
"12/24/2025","119.22","119.33","120.05","119.12","6.14M","-0.17%"
"12/23/2025","119.42","118.47","120.03","118.32","12.57M","1.07%"
"12/22/2025","118.15","117.33","118.46","117.33","11.77M","1.25%"
"12/19/2025","116.69","116.75","117.57","115.96","45.41M","0.13%"
"12/18/2025","116.54","116.99","116.99","115.63","13.71M","-0.74%"
"12/17/2025","117.41","115.21","117.62","115.17","18.50M","2.38%"
"12/16/2025","114.68","116.76","116.84","114.61","17.64M","-2.62%"
"12/15/2025","117.76","119.01","119.03","116.85","16.36M","-0.89%"
"12/12/2025","118.82","119.44","119.92","118.31","14.46M","-0.60%"
"12/11/2025","119.54","119.11","120.36","119.07","14.78M","0.00%"
"12/10/2025","119.54","118.72","119.86","118.37","19.85M","1.09%"
"12/09/2025","118.25","116.90","120.47","116.89","23.79M","1.96%"
"12/08/2025","115.98","115.83","117.00","115.04","14.90M","-0.48%"
"12/05/2025","116.54","116.75","118.78","116.41","12.52M","-0.51%"
"12/04/2025","117.14","117.50","118.34","116.66","13.69M","-0.56%"
"12/03/2025","117.80","115.94","117.98","115.88","16.82M","2.10%"
"12/02/2025","115.38","116.44","116.60","114.69","14.61M","-1.07%"
"12/01/2025","116.63","116.10","117.41","116.10","12.66M","0.61%"
"11/28/2025","115.92","114.95","118.74","114.82","7.24M","1.00%"
"11/26/2025","114.77","114.41","115.74","114.31","11.65M","0.23%"
"11/25/2025","114.51","115.18","115.90","114.19","14.43M","-1.26%"
"11/24/2025","115.97","117.20","117.20","114.74","18.03M","-0.95%"
"11/21/2025","117.08","116.99","117.38","115.65","15.67M","0.05%"
"11/20/2025","117.02","117.98","119.00","116.74","14.40M","-0.28%"
"11/19/2025","117.35","116.85","118.18","115.93","15.92M","-1.41%"
"11/18/2025","119.03","117.26","119.48","116.48","15.81M","1.15%"
"11/17/2025","117.68","118.97","119.50","117.11","16.03M","-1.35%"
"11/14/2025","119.29","118.45","119.48","116.66","17.06M","0.42%"
"11/13/2025","118.79","118.63","119.76","118.28","17.29M","0.57%"
"11/12/2025","118.12","119.10","119.28","117.79","13.79M","-1.39%"
"11/11/2025","119.78","118.83","120.81","118.83","16.08M","1.32%"
"11/10/2025","118.22","117.44","118.45","115.46","13.05M","0.85%"
"11/07/2025","117.22","115.21","117.50","114.90","17.18M","2.38%"
"11/06/2025","114.50","113.64","114.93","113.64","14.22M","0.72%"
"11/05/2025","113.68","114.09","115.18","113.67","12.40M","-0.40%"
"11/04/2025","114.14","113.38","114.35","112.51","16.86M","0.33%"
"11/03/2025","113.76","114.50","114.99","113.64","12.29M","-0.52%"
"10/31/2025","114.36","113.97","115.22","112.62","20.21M","-0.29%"
"10/30/2025","114.69","116.43","116.52","114.53","16.17M","-1.51%"
"10/29/2025","116.45","114.92","117.05","114.81","12.57M","1.23%"
"10/28/2025","115.03","115.49","116.18","114.99","9.54M","-0.78%"
"10/27/2025","115.94","115.69","115.99","115.10","10.98M","0.48%"
"10/24/2025","115.39","116.35","116.47","115.18","9.92M","-0.51%"
"10/23/2025","115.98","116.63","116.85","115.36","15.00M","1.11%"
"10/22/2025","114.71","113.45","115.18","113.08","12.94M","1.77%"
"10/21/2025","112.71","112.89","113.36","111.99","9.20M","0.01%"
"10/20/2025","112.70","112.00","113.15","111.98","9.52M","0.41%"
"10/17/2025","112.24","111.63","112.91","111.18","13.46M","1.45%"
"10/16/2025","110.64","111.88","112.19","110.39","11.78M","-0.87%"
"10/15/2025","111.61","112.80","113.57","110.97","12.18M","-0.61%"
"10/14/2025","112.29","110.75","112.96","110.71","11.17M","0.04%"
"10/13/2025","112.24","111.54","112.30","111.32","10.30M","1.36%"
"10/10/2025","110.73","112.25","112.62","110.71","13.81M","-1.93%"
"10/09/2025","112.91","114.43","115.51","112.74","10.98M","-0.97%"
"10/08/2025","114.02","114.38","115.01","113.41","12.30M","-0.21%"
"10/07/2025","114.26","114.07","114.51","111.74","11.95M","0.05%"
"10/06/2025","114.20","113.29","114.77","113.18","12.04M","0.83%"
"10/03/2025","113.26","111.90","113.75","111.90","12.95M","1.77%"
"10/02/2025","111.29","111.97","113.09","111.03","13.06M","-0.63%"
"10/01/2025","111.99","112.56","113.02","111.29","16.61M","-0.67%"
"09/30/2025","112.75","113.35","113.49","111.94","18.08M","-1.29%"
"09/29/2025","114.22","116.06","116.50","113.67","19.19M","-2.56%"
"09/26/2025","117.22","115.96","118.36","115.92","18.57M","1.41%"
"09/25/2025","115.59","114.64","115.90","114.41","15.01M","0.90%"
"09/24/2025","114.56","114.57","115.76","114.47","14.76M","0.54%"
"09/23/2025","113.95","112.72","114.75","112.47","25.37M","1.72%"
"09/22/2025","112.02","112.45","112.80","111.56","15.61M","-0.71%"
"09/19/2025","112.82","113.90","113.98","112.64","38.75M","-0.97%"
"09/18/2025","113.93","115.17","115.35","113.40","14.63M","-1.18%"
"09/17/2025","115.29","114.53","115.49","114.05","13.30M","0.53%"
"09/16/2025","114.68","112.96","115.32","112.78","17.21M","2.07%"
"09/15/2025","112.35","112.18","112.46","111.32","12.88M","0.17%"
"09/12/2025","112.16","112.86","113.22","111.88","11.11M","0.02%"
"09/11/2025","112.14","111.40","112.76","110.87","11.53M","-0.32%"
"09/10/2025","112.50","111.16","112.56","110.84","15.84M","1.67%"
"09/09/2025","110.65","110.53","112.51","110.53","14.90M","0.73%"
"09/08/2025","109.85","109.73","110.04","108.35","15.44M","0.57%"
"09/05/2025","109.23","111.60","111.78","109.02","16.83M","-2.82%"
"09/04/2025","112.40","112.11","113.13","111.38","12.86M","0.44%"
"09/03/2025","111.91","113.97","114.43","111.46","14.92M","-2.42%"
"09/02/2025","114.69","114.18","115.24","113.33","15.21M","0.35%"
"08/29/2025","114.29","113.71","114.79","113.58","14.60M","0.83%"
"08/28/2025","113.35","112.87","113.64","112.07","14.19M","0.53%"
"08/27/2025","112.75","111.42","112.98","111.42","15.26M","1.13%"
"08/26/2025","111.49","111.37","111.81","110.36","18.14M","-0.22%"
"08/25/2025","111.74","110.90","111.92","110.54","9.74M","0.41%"
"08/22/2025","111.28","109.60","111.41","109.60","13.59M","1.88%"
"08/21/2025","109.23","108.42","109.57","107.96","12.19M","0.64%"
"08/20/2025","108.53","107.88","109.33","107.68","18.96M","1.03%"
"08/19/2025","107.42","106.20","107.46","106.15","16.11M","0.66%"
"08/18/2025","106.72","106.10","107.23","105.67","13.04M","0.22%"
"08/15/2025","106.49","106.19","107.56","105.95","19.27M","-0.83%"
"08/14/2025","107.38","107.55","107.59","106.44","13.68M","-0.20%"
"08/13/2025","107.60","106.00","107.60","105.74","17.96M","1.39%"
"08/12/2025","106.13","106.34","107.28","105.78","14.11M","0.28%"
"08/11/2025","105.83","107.11","107.53","105.53","13.57M","-0.91%"
"08/08/2025","106.80","106.50","107.51","105.95","14.42M","0.80%"
"08/07/2025","105.95","107.14","108.06","105.89","13.47M","-0.53%"
"08/06/2025","106.51","108.31","109.05","106.37","15.32M","-0.68%"
"08/05/2025","107.24","107.22","107.82","106.07","21.31M","-0.12%"
"08/04/2025","107.37","109.22","109.92","107.08","19.13M","-2.07%"
"08/01/2025","109.64","112.00","112.54","108.86","19.65M","-1.79%"
"07/31/2025","111.64","110.36","112.50","110.36","17.23M","-0.23%"
"07/30/2025","111.90","112.41","112.61","111.26","13.00M","-0.87%"
"07/29/2025","112.88","111.90","113.00","111.41","15.93M","1.29%"
"07/28/2025","111.44","111.00","112.11","110.84","12.35M","0.94%"
"07/25/2025","110.40","110.73","110.98","109.70","10.55M","-0.35%"
"07/24/2025","110.79","109.66","110.95","109.13","15.65M","0.78%"
"07/23/2025","109.93","108.93","110.00","108.85","12.00M","1.28%"
"07/22/2025","108.54","107.98","109.44","107.61","13.97M","0.45%"
"07/21/2025","108.05","107.60","108.77","107.44","17.01M","0.26%"
"07/18/2025","107.77","111.11","111.73","107.34","32.37M","-3.48%"
"07/17/2025","111.66","111.49","112.23","111.09","13.15M","-0.51%"
"07/16/2025","112.23","112.88","113.50","112.10","11.16M","-0.60%"
"07/15/2025","112.91","113.66","114.06","112.60","10.96M","-0.89%"
"07/14/2025","113.92","115.22","115.22","113.22","13.22M","-1.31%"
"07/11/2025","115.43","114.85","115.76","114.51","11.68M","0.44%"
"07/10/2025","114.93","113.71","115.27","113.07","14.90M","0.99%"
"07/09/2025","113.80","113.92","114.27","113.27","10.65M","-0.34%"
"07/08/2025","114.19","110.89","114.46","110.85","17.91M","2.77%"
"07/07/2025","111.11","111.54","112.05","110.22","15.42M","-0.97%"
"07/03/2025","112.20","110.86","112.47","110.62","11.22M","1.04%"
"07/02/2025","111.05","110.00","111.36","108.82","11.89M","1.66%"
"07/01/2025","109.24","108.13","109.64","107.15","15.54M","1.34%"
"06/30/2025","107.80","108.64","108.84","107.72","19.20M","-1.44%"
"06/27/2025","109.38","109.93","110.10","108.37","22.00M","-0.55%"
"06/26/2025","109.99","108.94","110.43","108.55","18.30M","1.49%"
"06/25/2025","108.37","108.11","109.24","107.70","17.48M","0.03%"
"06/24/2025","108.34","109.25","110.94","107.91","24.83M","-3.04%"
"06/23/2025","111.74","116.70","116.95","111.16","26.63M","-2.58%"
"06/20/2025","114.70","113.45","115.04","113.18","36.27M","1.33%"
"06/18/2025","113.19","114.61","115.24","112.94","17.97M","-0.71%"
"06/17/2025","114.00","113.95","114.93","113.11","19.45M","1.35%"
"06/16/2025","112.48","111.82","113.16","111.13","22.99M","0.32%"
"06/13/2025","112.12","112.35","112.53","110.68","28.54M","2.18%"
"06/12/2025","109.73","108.92","110.19","108.22","17.47M","0.38%"
"06/11/2025","109.31","107.76","109.39","106.46","22.65M","1.95%"
"06/10/2025","107.22","106.07","107.64","105.93","17.63M","2.14%"
"06/09/2025","104.97","104.33","105.85","103.83","17.09M","0.67%"
"06/06/2025","104.27","102.76","104.50","102.68","15.49M","2.40%"
"06/05/2025","101.83","102.98","103.05","101.73","13.94M","-0.46%"
"06/04/2025","102.30","103.92","104.92","102.30","15.65M","-1.45%"
"06/03/2025","103.80","102.90","104.66","102.21","19.19M","0.73%"
"06/02/2025","103.05","103.75","103.85","102.22","17.29M","0.73%"
"05/30/2025","102.30","102.16","102.39","101.18","28.65M","-0.38%"
"05/29/2025","102.69","102.28","102.85","101.75","13.83M","0.57%"
"05/28/2025","102.11","104.29","104.43","101.79","14.29M","-1.36%"
"05/27/2025","103.52","103.49","103.86","102.90","13.04M","0.48%"
"05/23/2025","103.03","102.60","103.47","102.07","12.06M","0.06%"
"05/22/2025","102.97","103.06","103.47","101.89","13.42M","-0.67%"
"05/21/2025","103.66","104.53","104.96","103.64","16.72M","-1.23%"
"05/20/2025","104.95","106.39","106.71","104.78","12.43M","-1.43%"
"05/19/2025","106.47","107.57","107.57","105.72","16.80M","-1.59%"
"05/16/2025","108.19","108.65","108.89","107.45","14.04M","-0.36%"
"05/15/2025","108.58","106.49","108.65","105.97","15.00M","0.09%"
"05/14/2025","108.48","108.86","108.86","107.93","15.49M","-0.90%"
"05/13/2025","109.46","109.32","110.51","109.02","13.35M","0.27%"
"05/12/2025","109.16","110.27","110.44","108.32","14.24M","1.72%"
"05/09/2025","107.31","107.14","107.75","106.38","10.99M","1.17%"
"05/08/2025","106.07","105.34","107.39","105.34","19.20M","1.40%"
"05/07/2025","104.61","104.99","105.29","104.07","12.34M","-0.10%"
"05/06/2025","104.71","103.89","105.98","103.48","16.30M","1.39%"
"05/05/2025","103.27","104.65","104.66","103.07","19.62M","-2.77%"
"05/02/2025","106.21","107.72","109.00","104.55","16.58M","0.41%"
"05/01/2025","105.78","105.10","106.92","104.98","18.61M","0.14%"
"04/30/2025","105.63","107.42","107.42","104.15","20.38M","-2.52%"
"04/29/2025","108.36","107.74","108.83","107.52","9.48M","-0.25%"
"04/28/2025","108.63","108.75","109.25","107.68","13.89M","0.06%"
"04/25/2025","108.57","108.14","108.75","107.42","11.25M","-0.06%"
"04/24/2025","108.63","107.97","108.88","106.96","9.85M","1.17%"
"04/23/2025","107.37","108.81","109.30","106.47","14.24M","-0.86%"
"04/22/2025","108.30","106.14","108.94","106.14","13.15M","2.80%"
"04/21/2025","105.35","105.61","105.63","104.12","16.93M","-1.47%"
"04/17/2025","106.92","104.69","108.55","104.46","17.92M","2.62%"
"04/16/2025","104.19","103.95","105.59","103.69","13.61M","1.06%"
"04/15/2025","103.10","103.64","105.40","103.00","13.16M","-0.28%"
"04/14/2025","103.39","105.03","105.09","102.72","18.02M","0.24%"
"04/11/2025","103.14","100.30","103.93","98.79","22.88M","3.21%"
"04/10/2025","99.93","103.71","103.78","97.80","34.00M","-5.55%"
"04/09/2025","105.80","99.37","106.58","98.13","30.06M","4.99%"
"04/08/2025","100.77","105.46","105.60","99.01","27.15M","-2.11%"
"04/07/2025","102.94","100.39","105.80","98.46","35.07M","-1.34%"
"04/04/2025","104.34","109.86","110.83","103.83","30.84M","-7.20%"
"04/03/2025","112.43","114.37","115.45","112.23","21.20M","-5.26%"
"04/02/2025","118.67","118.39","118.84","117.66","12.61M","-0.31%"
"04/01/2025","119.04","119.22","119.28","117.93","12.43M","0.09%"
"03/31/2025","118.93","117.79","119.90","117.79","21.65M","1.02%"
"03/28/2025","117.73","118.10","118.46","117.24","10.23M","-0.14%"
"03/27/2025","117.89","118.10","119.07","117.26","12.74M","-0.32%"
"03/26/2025","118.27","117.68","119.18","117.68","14.11M","1.44%"
"03/25/2025","116.59","116.43","117.64","115.96","12.08M","0.68%"
"03/24/2025","115.80","115.68","116.91","115.58","14.21M","0.26%"
"03/21/2025","115.50","115.50","115.99","114.35","41.10M","-0.35%"
"03/20/2025","115.90","114.72","116.47","114.21","16.23M","0.42%"
"03/19/2025","115.41","114.20","115.82","113.83","17.32M","1.56%"
"03/18/2025","113.64","114.09","114.54","112.57","16.00M","-0.11%"
"03/17/2025","113.76","111.80","114.50","111.73","19.91M","1.66%"
"03/14/2025","111.90","108.94","112.18","108.31","15.89M","2.97%"
"03/13/2025","108.67","108.33","110.82","107.63","17.77M","-0.42%"
"03/12/2025","109.13","109.05","110.13","108.42","14.05M","-0.03%"
"03/11/2025","109.16","111.92","112.10","108.79","19.90M","-2.36%"
"03/10/2025","111.80","109.28","112.57","109.08","22.75M","2.55%"
"03/07/2025","109.02","108.41","110.40","108.30","19.62M","1.30%"
"03/06/2025","107.62","105.43","108.11","104.36","17.15M","2.07%"
"03/05/2025","105.44","105.84","106.33","103.67","24.82M","-1.95%"
"03/04/2025","107.54","106.36","108.96","105.94","19.39M","-0.20%"
"03/03/2025","107.76","111.70","112.16","106.51","18.71M","-3.21%"
"02/28/2025","111.33","110.11","111.58","109.34","18.82M","1.07%"
"02/27/2025","110.15","110.01","111.29","109.28","15.29M","0.63%"
"02/26/2025","109.46","109.74","109.87","108.52","10.45M","-0.25%"
"02/25/2025","109.73","111.30","112.13","108.89","14.50M","-1.38%"
"02/24/2025","111.27","110.93","111.86","110.32","13.15M","0.52%"
"02/21/2025","110.69","111.32","111.85","110.56","14.71M","-1.17%"
"02/20/2025","112.00","110.57","112.42","109.95","16.33M","1.54%"
"02/19/2025","110.30","110.75","112.13","110.06","10.96M","0.15%"
"02/18/2025","110.14","108.63","110.99","108.32","20.06M","1.76%"
"02/14/2025","108.24","108.52","110.23","108.10","15.73M","0.10%"
"02/13/2025","108.13","107.15","108.41","106.52","15.46M","0.73%"
"02/12/2025","107.35","110.05","110.23","107.18","18.24M","-3.87%"
"02/11/2025","111.67","111.60","112.51","110.82","12.71M","0.63%"
"02/10/2025","110.97","110.00","111.03","109.88","12.14M","1.91%"
"02/07/2025","108.89","108.78","109.73","108.32","10.05M","0.42%"
"02/06/2025","108.43","110.77","111.05","107.99","13.41M","-1.32%"
"02/05/2025","109.88","109.74","110.01","109.10","13.36M","-0.07%"
"02/04/2025","109.96","106.71","110.28","106.53","14.84M","2.68%"
"02/03/2025","107.09","106.64","107.30","105.32","14.62M","0.24%"
"01/31/2025","106.83","110.55","110.55","106.10","20.38M","-2.50%"
"01/30/2025","109.57","109.24","109.85","108.70","14.35M","0.83%"
"01/29/2025","108.67","107.71","108.78","107.47","12.35M","0.58%"
"01/28/2025","108.04","110.41","110.87","107.79","15.86M","-1.93%"
"01/27/2025","110.17","109.01","110.45","108.39","15.93M","1.39%"
"01/24/2025","108.66","110.24","110.71","108.41","14.24M","-1.35%"
"01/23/2025","110.15","110.31","111.14","109.61","13.73M","0.57%"
"01/22/2025","109.53","111.20","111.57","109.40","15.72M","-1.74%"
"01/21/2025","111.47","112.05","112.18","111.13","20.42M","-0.76%"
"01/17/2025","112.32","111.03","112.87","110.82","19.30M","0.90%"
"01/16/2025","111.32","111.19","111.69","110.55","10.37M","-0.17%"
"01/15/2025","111.51","110.05","111.73","109.47","14.52M","1.63%"
"01/14/2025","109.72","108.79","109.76","107.83","11.19M","0.39%"
"01/13/2025","109.29","107.13","109.63","107.13","17.07M","2.58%"
"01/10/2025","106.54","108.70","110.10","105.78","19.30M","-0.36%"
"01/08/2025","106.93","107.31","107.71","106.01","17.86M","-1.67%"
"01/07/2025","108.75","108.94","110.06","108.28","12.63M","0.94%"
"01/06/2025","107.74","108.24","109.78","107.52","15.62M","-0.11%"
"01/03/2025","107.86","108.00","108.49","107.46","14.24M","0.51%"
"01/02/2025","107.31","108.28","109.00","106.88","12.69M","-0.24%"
"12/31/2024","107.57","106.17","107.90","105.78","12.39M","1.71%"
"12/30/2024","105.76","106.30","106.56","105.51","11.08M","-0.68%"
"12/27/2024","106.48","106.30","107.99","105.77","11.94M","-0.01%"
"12/26/2024","106.49","106.52","107.03","105.94","9.65M","0.08%"
"12/24/2024","106.40","106.52","107.19","105.70","7.81M","0.09%"
"12/23/2024","106.30","105.31","106.60","104.92","12.29M","0.41%"
"12/20/2024","105.87","105.45","106.14","104.84","40.14M","0.34%"
"12/19/2024","105.51","107.39","107.67","105.21","20.57M","-0.86%"
"12/18/2024","106.42","107.57","108.83","106.31","17.11M","-1.47%"
"12/17/2024","108.01","107.24","108.17","106.79","17.55M","-0.42%"
"12/16/2024","108.47","110.20","110.40","108.16","20.26M","-2.14%"
"12/13/2024","110.84","111.90","111.90","110.25","13.11M","-0.88%"
"12/12/2024","111.82","111.59","112.38","110.78","14.54M","-0.09%"
"12/11/2024","111.92","112.00","112.39","111.11","32.39M","-0.67%"
"12/10/2024","112.67","113.58","113.88","111.75","20.99M","-0.20%"
"12/09/2024","112.90","114.64","114.94","112.75","17.41M","-0.59%"
"12/06/2024","113.57","114.54","114.77","113.50","16.17M","-1.05%"
"12/05/2024","114.78","114.71","115.62","114.06","15.75M","0.44%"
"12/04/2024","114.28","117.50","117.55","113.86","19.52M","-2.88%"
"12/03/2024","117.67","118.72","118.72","117.25","11.76M","-0.15%"
"12/02/2024","117.85","118.05","118.20","116.82","12.69M","-0.09%"
"11/29/2024","117.96","117.44","118.50","116.95","9.43M","0.25%"
"11/27/2024","117.66","118.09","118.73","117.43","11.08M","-0.26%"
"11/26/2024","117.97","119.53","119.68","117.85","14.83M","-1.67%"
"11/25/2024","119.97","121.43","121.88","119.61","26.58M","-1.49%"
"11/22/2024","121.79","121.82","123.21","121.64","13.32M","-0.11%"
"11/21/2024","121.93","121.08","122.55","120.27","14.68M","1.34%"
"11/20/2024","120.32","119.17","120.47","118.64","11.36M","1.42%"
"11/19/2024","118.63","119.75","119.75","118.20","11.58M","-1.40%"
"11/18/2024","120.31","119.79","120.62","119.27","14.24M","0.84%"
"11/15/2024","119.31","120.40","121.24","119.13","19.05M","-1.04%"
"11/14/2024","120.56","121.66","121.88","120.33","13.04M","-0.75%"
"11/13/2024","121.47","120.57","122.05","118.80","15.13M","0.93%"
"11/12/2024","120.35","121.13","121.31","119.84","11.97M","-0.10%"
"11/11/2024","120.47","121.00","121.62","120.07","11.97M","-0.53%"
"11/08/2024","121.11","120.98","121.42","119.66","12.84M","-0.03%"
"11/07/2024","121.15","121.30","121.50","119.61","12.18M","0.12%"
"11/06/2024","121.00","121.14","121.91","119.30","20.81M","1.71%"
"11/05/2024","118.96","119.08","119.21","118.01","10.44M","0.30%"
"11/04/2024","118.61","116.07","118.70","115.93","14.97M","3.18%"
"11/01/2024","114.95","119.93","119.95","114.84","20.94M","-1.57%"
"10/31/2024","116.78","117.15","118.67","116.68","20.51M","0.08%"
"10/30/2024","116.69","117.66","118.27","116.48","12.30M","-0.50%"
"10/29/2024","117.28","118.58","119.17","117.07","14.73M","-1.36%"
"10/28/2024","118.90","116.79","119.01","116.77","11.84M","-0.49%"
"10/25/2024","119.49","120.20","120.43","119.32","10.71M","-0.08%"
"10/24/2024","119.59","120.00","120.44","119.13","9.91M","-0.57%"
"10/23/2024","120.27","119.97","120.75","119.40","8.32M","-0.36%"
"10/22/2024","120.70","120.26","121.19","119.94","9.20M","0.52%"
"10/21/2024","120.08","120.98","121.48","119.72","10.18M","0.06%"
"10/18/2024","120.01","120.44","120.64","119.15","12.90M","-0.28%"
"10/17/2024","120.35","120.76","121.58","119.71","11.20M","-0.26%"
"10/16/2024","120.66","120.89","121.43","120.60","8.43M","0.26%"
"10/15/2024","120.35","120.82","121.95","119.78","15.77M","-3.01%"
"10/14/2024","124.08","123.24","124.26","122.61","9.81M","0.38%"
"10/11/2024","123.61","123.10","124.03","122.94","8.29M","0.38%"
"10/10/2024","123.14","123.16","123.70","122.29","10.24M","0.86%"
"10/09/2024","122.09","120.90","122.58","120.80","11.14M","0.04%"
"10/08/2024","122.04","123.88","124.02","121.26","14.82M","-2.66%"
"10/07/2024","125.37","125.25","126.34","124.86","15.71M","0.43%"
"10/04/2024","124.83","123.20","125.19","122.43","19.76M","1.84%"
"10/03/2024","122.58","121.90","123.17","120.93","16.52M","0.87%"
"10/02/2024","121.52","121.93","122.82","120.20","17.13M","1.33%"
"10/01/2024","119.93","116.04","120.60","115.93","23.24M","2.31%"
"09/30/2024","117.22","115.46","117.39","114.96","13.25M","1.21%"
"09/27/2024","115.82","113.76","116.09","113.25","15.96M","2.68%"
"09/26/2024","112.80","111.14","113.48","111.14","16.89M","-1.72%"
"09/25/2024","114.77","116.49","117.05","114.04","13.82M","-1.95%"
"09/24/2024","117.05","117.84","118.16","116.83","11.98M","-0.26%"
"09/23/2024","117.36","115.33","117.79","115.12","16.07M","1.81%"
"09/20/2024","115.27","115.46","115.51","114.25","36.21M","-0.63%"
"09/19/2024","116.00","116.16","117.57","115.19","12.66M","1.24%"
"09/18/2024","114.58","114.11","115.63","113.81","12.57M","0.35%"
"09/17/2024","114.18","112.32","114.37","112.12","12.20M","1.30%"
"09/16/2024","112.71","112.05","113.08","111.69","11.73M","1.40%"
"09/13/2024","111.15","111.47","112.47","110.93","10.04M","-0.07%"
"09/12/2024","111.23","109.90","111.33","109.76","15.92M","1.38%"
"09/11/2024","109.72","110.78","110.95","107.77","19.57M","-0.99%"
"09/10/2024","110.82","115.10","115.40","110.17","20.91M","-3.64%"
"09/09/2024","115.01","112.87","116.15","112.66","21.65M","2.10%"
"09/06/2024","112.64","113.59","114.18","111.73","13.47M","-0.47%"
"09/05/2024","113.17","115.07","115.28","113.07","17.20M","-0.78%"
"09/04/2024","114.06","115.29","116.15","113.97","12.62M","-1.22%"
"09/03/2024","115.47","115.84","116.09","114.04","15.73M","-2.09%"
"08/30/2024","117.94","116.79","118.02","116.29","13.28M","-0.16%"
"08/29/2024","118.13","117.20","118.79","116.35","10.75M","1.38%"
"08/28/2024","116.52","117.00","117.58","116.26","10.74M","-0.99%"
"08/27/2024","117.68","118.96","119.41","117.40","9.99M","-0.95%"
"08/26/2024","118.81","117.76","118.94","116.92","13.67M","2.14%"
"08/23/2024","116.32","115.03","116.72","115.03","10.38M","1.39%"
"08/22/2024","114.73","113.78","115.01","113.64","10.61M","0.77%"
"08/21/2024","113.85","115.01","115.57","113.76","11.75M","-0.64%"
"08/20/2024","114.58","118.65","118.65","114.51","15.63M","-3.33%"
"08/19/2024","118.53","118.40","120.50","118.17","12.42M","0.30%"
"08/16/2024","118.17","117.99","118.48","117.66","10.06M","-0.47%"
"08/15/2024","118.73","118.25","119.63","118.12","11.58M","-0.18%"
"08/14/2024","118.95","118.10","119.90","117.63","12.19M","0.92%"
"08/13/2024","117.86","118.28","118.51","117.50","11.59M","-0.96%"
"08/12/2024","119.00","119.55","120.17","118.02","13.23M","0.13%"
"08/09/2024","118.85","117.89","119.31","117.36","12.15M","0.81%"
"08/08/2024","117.89","116.08","118.11","115.73","13.85M","1.91%"
"08/07/2024","115.68","115.45","117.12","115.26","13.66M","1.33%"
"08/06/2024","114.16","114.45","115.63","113.63","13.65M","-0.53%"
"08/05/2024","114.77","115.54","116.03","113.25","18.03M","-1.81%"
"08/02/2024","116.88","115.97","118.87","115.42","20.40M","-0.06%"
"08/01/2024","116.95","118.35","119.49","116.36","15.05M","-1.38%"
"07/31/2024","118.59","119.64","119.76","118.56","15.14M","0.36%"
"07/30/2024","118.17","116.36","118.60","116.23","12.48M","1.78%"
"07/29/2024","116.10","117.32","117.39","115.38","8.86M","-1.05%"
"07/26/2024","117.33","116.77","118.03","116.47","11.25M","-0.09%"
"07/25/2024","117.43","115.17","118.03","114.56","17.02M","2.10%"
"07/24/2024","115.01","113.76","115.20","113.07","14.93M","1.41%"
"07/23/2024","113.41","114.81","115.17","113.17","11.25M","-1.61%"
"07/22/2024","115.27","115.18","115.94","114.58","12.07M","-0.69%"
"07/19/2024","116.07","118.59","118.88","115.87","16.16M","-2.30%"
"07/18/2024","118.80","117.95","119.92","117.43","13.03M","0.99%"
"07/17/2024","117.64","116.74","118.18","116.55","13.60M","1.38%"
"07/16/2024","116.04","114.35","116.35","113.71","13.61M","0.72%"
"07/15/2024","115.21","114.27","116.16","113.57","13.03M","1.71%"
"07/12/2024","113.27","113.99","114.15","112.63","11.68M","0.02%"
"07/11/2024","113.25","111.43","113.32","110.93","13.08M","1.19%"
"07/10/2024","111.92","110.92","111.96","110.42","10.00M","0.88%"
"07/09/2024","110.94","111.11","112.54","110.62","11.73M","-1.11%"
"07/08/2024","112.18","112.39","113.55","111.42","13.35M","-1.05%"
"07/05/2024","113.37","114.61","114.63","112.68","12.63M","-1.21%"
"07/03/2024","114.76","114.27","115.66","114.27","7.73M","0.51%"
"07/02/2024","114.18","115.90","115.94","113.49","13.33M","-0.68%"
"07/01/2024","114.96","115.71","116.74","114.53","11.97M","-0.14%"
"06/28/2024","115.12","115.86","116.54","114.68","24.57M","0.19%"
"06/27/2024","114.90","114.99","114.99","114.11","16.81M","0.43%"
"06/26/2024","114.41","114.39","114.82","113.14","15.77M","0.03%"
"06/25/2024","114.37","114.11","114.55","113.46","16.21M","0.28%"
"06/24/2024","114.05","111.64","114.53","111.64","16.27M","2.97%"
"06/21/2024","110.76","111.90","112.69","110.76","52.22M","-0.88%"
"06/20/2024","111.74","109.91","112.62","109.59","17.43M","2.16%"
"06/18/2024","109.38","109.03","110.72","108.80","17.76M","0.94%"
"06/17/2024","108.36","109.17","109.46","108.18","21.15M","-0.69%"
"06/14/2024","109.11","110.02","110.21","108.59","13.31M","-0.85%"
"06/13/2024","110.04","110.84","110.86","109.72","14.47M","-0.80%"
"06/12/2024","110.93","113.30","113.30","110.54","13.61M","-1.11%"
"06/11/2024","112.17","112.49","112.67","111.31","12.46M","-0.80%"
"06/10/2024","113.08","113.06","114.22","112.70","15.25M","0.29%"
"06/07/2024","112.75","113.79","114.89","112.67","13.29M","-1.07%"
"06/06/2024","113.97","112.75","114.04","112.11","13.15M","0.75%"
"06/05/2024","113.12","112.89","113.19","111.48","14.86M","0.40%"
"06/04/2024","112.67","113.00","113.09","110.92","19.41M","-1.56%"
"06/03/2024","114.45","116.30","116.36","113.76","19.59M","-2.40%"
"05/31/2024","117.26","114.12","117.49","113.99","29.04M","2.87%"
"05/30/2024","113.99","113.27","114.13","112.96","14.69M","0.32%"
"05/29/2024","113.63","114.53","114.54","112.81","13.90M","-1.07%"
"05/28/2024","114.86","113.52","115.11","113.07","13.98M","1.27%"
"05/24/2024","113.42","114.84","115.08","113.04","12.21M","-0.08%"
"05/23/2024","113.51","115.60","117.51","113.36","15.98M","-1.71%"
"05/22/2024","115.48","117.46","117.46","114.96","17.88M","-2.01%"
"05/21/2024","117.85","118.40","119.45","117.78","14.49M","-0.69%"
"05/20/2024","118.67","119.73","119.89","118.55","11.55M","-0.81%"
"05/17/2024","119.64","118.30","119.83","117.96","15.10M","1.50%"
"05/16/2024","117.87","118.54","119.30","117.54","15.75M","-0.60%"
"05/15/2024","118.58","117.61","118.84","116.08","18.24M","0.77%"
"05/14/2024","117.67","116.79","117.74","116.48","15.08M","-0.20%"
"05/13/2024","117.91","118.42","119.04","117.12","15.06M","-0.04%"
"05/10/2024","117.96","118.54","118.66","117.58","13.65M","-0.41%"
"05/09/2024","118.44","116.20","118.53","116.19","17.56M","1.97%"
"05/08/2024","116.15","115.71","116.95","115.41","18.96M","-0.02%"
"05/07/2024","116.17","117.28","117.58","115.93","30.12M","-0.50%"
"05/06/2024","116.75","116.67","118.34","116.40","31.40M","0.65%"
"05/03/2024","116.00","116.00","116.07","114.13","28.02M","-0.21%"
"05/02/2024","116.24","116.26","117.26","115.90","25.51M","0.18%"
"05/01/2024","116.03","118.28","118.47","115.66","27.79M","-1.89%"
"04/30/2024","118.27","119.11","120.20","117.98","21.08M","-1.15%"
"04/29/2024","119.64","117.76","120.05","117.76","17.34M","1.42%"
"04/26/2024","117.96","119.00","119.10","116.22","27.29M","-2.78%"
"04/25/2024","121.33","121.03","121.76","119.40","16.04M","0.23%"
"04/24/2024","121.05","120.30","121.25","119.39","12.10M","0.02%"
"04/23/2024","121.03","120.00","121.06","119.45","13.93M","0.39%"
"04/22/2024","120.56","119.26","121.57","118.43","16.34M","0.57%"
"04/19/2024","119.88","119.15","120.93","118.95","21.57M","1.15%"
"04/18/2024","118.52","119.00","119.72","117.97","13.82M","-0.09%"
"04/17/2024","118.63","118.55","119.35","117.12","14.54M","-0.05%"
"04/16/2024","118.69","119.56","120.22","117.92","18.08M","-0.83%"
"04/15/2024","119.68","121.09","121.69","119.45","15.03M","-0.57%"
"04/12/2024","120.37","122.95","123.75","119.67","21.56M","-1.17%"
"04/11/2024","121.79","122.69","122.69","120.34","17.56M","-0.34%"
"04/10/2024","122.20","121.22","122.47","120.73","17.41M","0.84%"
"04/09/2024","121.18","121.00","121.65","120.34","14.14M","0.52%"
"04/08/2024","120.55","121.08","121.74","120.21","17.51M","-0.68%"
"04/05/2024","121.37","119.98","122.15","119.64","21.72M","1.38%"
"04/04/2024","119.72","119.05","119.88","118.64","18.47M","0.35%"
"04/03/2024","119.30","119.48","119.75","118.73","16.50M","0.02%"
"04/02/2024","119.28","117.92","119.60","117.33","19.92M","1.96%"
"04/01/2024","116.99","116.41","117.24","115.38","13.82M","0.65%"
"03/28/2024","116.24","115.53","116.45","115.06","18.48M","1.10%"
"03/27/2024","114.97","113.48","115.06","113.41","12.42M","1.04%"
"03/26/2024","113.79","114.66","114.98","113.41","13.15M","-0.75%"
"03/25/2024","114.65","113.83","115.78","113.83","14.01M","1.02%"
"03/22/2024","113.49","113.48","113.68","112.82","14.70M","0.00%"
"03/21/2024","113.49","112.92","113.91","112.57","14.88M","0.44%"
"03/20/2024","112.99","112.72","113.40","112.13","16.12M","-0.09%"
"03/19/2024","113.09","112.22","113.49","112.06","14.88M","0.70%"
"03/18/2024","112.30","111.79","112.86","111.10","16.77M","0.93%"
"03/15/2024","111.27","110.85","112.30","110.85","38.26M","-0.18%"
"03/14/2024","111.47","109.83","111.55","109.69","22.12M","1.77%"
"03/13/2024","109.53","109.14","110.35","109.11","17.12M","1.12%"
"03/12/2024","108.32","109.06","109.28","108.03","14.96M","-0.64%"
"03/11/2024","109.02","108.25","109.12","107.34","17.58M","0.59%"
"03/08/2024","108.38","107.23","108.40","106.77","16.28M","0.94%"
"03/07/2024","107.37","106.60","107.98","106.60","15.20M","0.56%"
"03/06/2024","106.77","106.62","107.57","106.15","20.47M","1.07%"
"03/05/2024","105.64","104.53","106.27","104.32","19.95M","1.23%"
"03/04/2024","104.36","105.66","105.85","104.03","18.14M","-1.40%"
"03/01/2024","105.84","105.72","106.39","105.38","18.46M","1.26%"
"02/29/2024","104.52","104.68","105.07","104.21","17.57M","0.19%"
"02/28/2024","104.32","104.47","105.43","104.00","14.81M","0.28%"
"02/27/2024","104.03","104.68","105.15","103.85","16.36M","-0.21%"
"02/26/2024","104.25","103.72","104.93","103.05","13.36M","0.39%"
"02/23/2024","103.84","103.88","104.09","102.88","15.98M","-0.88%"
"02/22/2024","104.76","104.16","105.41","103.45","20.47M","-0.09%"
"02/21/2024","104.85","103.02","104.98","102.99","21.00M","2.04%"
"02/20/2024","102.75","103.84","104.12","102.64","17.65M","-0.94%"
"02/16/2024","103.73","104.01","104.63","103.52","20.15M","0.00%"
"02/15/2024","103.73","100.60","103.93","100.60","23.20M","2.87%"
"02/14/2024","100.84","101.87","102.61","100.42","17.65M","-0.49%"
"02/13/2024","101.34","102.76","103.09","100.60","18.92M","-1.77%"
"02/12/2024","103.17","102.16","103.40","102.00","18.17M","1.38%"
"02/09/2024","101.77","104.10","104.84","101.70","20.41M","-2.12%"
"02/08/2024","103.97","102.34","104.42","102.11","19.64M","1.71%"
"02/07/2024","102.22","102.25","102.73","101.18","13.83M","-0.03%"
"02/06/2024","102.25","102.07","103.04","101.57","13.35M","0.69%"
"02/05/2024","101.55","101.45","102.38","100.50","17.19M","-0.41%"
"02/02/2024","101.97","103.75","104.00","101.61","21.97M","-0.41%"
"02/01/2024","102.39","103.57","104.01","101.62","19.24M","-0.41%"
"01/31/2024","102.81","104.74","104.88","102.77","22.42M","-1.95%"
"01/30/2024","104.85","102.41","104.88","102.10","19.61M","1.67%"
"01/29/2024","103.13","102.98","103.20","101.86","18.32M","0.13%"
"01/26/2024","103.00","101.97","103.08","101.19","20.82M","0.85%"
"01/25/2024","102.13","100.31","102.18","99.61","22.09M","2.54%"
"01/24/2024","99.60","98.32","99.65","97.74","17.33M","1.73%"
"01/23/2024","97.91","96.81","98.50","96.73","15.86M","1.13%"
"01/22/2024","96.82","96.70","97.10","95.77","19.96M","-0.13%"
"01/19/2024","96.95","96.72","97.02","96.41","20.09M","0.15%"
"01/18/2024","96.80","97.00","97.09","95.82","20.94M","-0.19%"
"01/17/2024","96.98","96.60","97.96","96.58","18.38M","-0.73%"
"01/16/2024","97.69","99.82","100.01","97.53","20.24M","-2.26%"
"01/12/2024","99.95","100.14","100.65","99.17","18.04M","1.30%"
"01/11/2024","98.67","99.04","99.50","98.56","15.83M","-0.02%"
"01/10/2024","98.69","99.80","99.80","98.16","18.21M","-0.98%"
"01/09/2024","99.67","101.29","101.29","99.19","19.50M","-1.24%"
"01/08/2024","100.92","100.73","101.04","98.90","23.37M","-1.67%"
"01/05/2024","102.63","103.17","103.40","102.13","15.83M","0.30%"
"01/04/2024","102.32","104.08","104.57","102.05","19.40M","-0.87%"
"01/03/2024","103.22","102.27","103.62","101.66","23.49M","0.84%"
"01/02/2024","102.36","100.92","103.10","100.85","23.48M","2.38%"
"12/29/2023","99.98","100.37","100.59","99.62","17.75M","-0.21%"
"12/28/2023","100.19","101.39","101.61","100.13","16.33M","-1.45%"
"12/27/2023","101.66","102.04","102.55","101.33","14.56M","-0.47%"
"12/26/2023","102.14","102.74","103.03","102.11","16.84M","0.23%"
"12/22/2023","101.91","102.31","102.94","101.82","12.93M","0.18%"
"12/21/2023","101.73","101.47","102.00","100.81","19.25M","0.45%"
"12/20/2023","101.27","103.50","103.94","101.13","20.99M","-1.67%"
"12/19/2023","102.99","102.00","103.19","101.79","18.90M","1.32%"
"12/18/2023","101.65","102.13","103.11","101.52","21.61M","0.74%"
"12/15/2023","100.90","100.59","101.00","100.31","55.53M","-0.67%"
"12/14/2023","101.58","99.85","102.14","99.72","26.17M","2.69%"
"12/13/2023","98.92","98.04","99.03","97.65","19.92M","0.89%"
"12/12/2023","98.05","98.68","98.68","97.48","26.08M","-1.58%"
"12/11/2023","99.62","99.80","99.86","98.58","22.25M","0.07%"
"12/08/2023","99.55","99.02","99.79","98.75","22.07M","1.15%"
"12/07/2023","98.42","99.86","100.83","98.09","29.99M","-0.70%"
"12/06/2023","99.11","100.00","100.72","98.34","31.15M","-1.32%"
"12/05/2023","100.44","102.27","102.34","100.29","22.25M","-1.94%"
"12/04/2023","102.43","102.13","103.36","101.59","21.52M","-0.54%"
"12/01/2023","102.99","102.50","104.22","102.22","17.85M","0.24%"
"11/30/2023","102.74","103.11","104.48","101.81","29.25M","0.39%"
"11/29/2023","102.34","104.27","104.58","101.64","26.80M","-1.50%"
"11/28/2023","103.90","104.24","104.91","103.88","20.63M","-0.06%"
"11/27/2023","103.96","104.10","104.40","103.18","18.01M","-0.58%"
"11/24/2023","104.57","104.02","105.46","103.91","9.48M","0.54%"
"11/22/2023","104.01","102.58","104.12","101.94","18.07M","-0.43%"
"11/21/2023","104.46","104.21","104.69","103.21","14.99M","-0.04%"
"11/20/2023","104.50","105.38","105.88","104.43","17.46M","-0.44%"
"11/17/2023","104.96","103.06","105.43","102.75","22.99M","2.44%"
"11/16/2023","102.46","102.90","103.27","101.15","22.47M","-1.16%"
"11/15/2023","103.66","103.96","105.15","103.50","20.14M","-0.60%"
"11/14/2023","104.29","104.30","104.82","103.87","18.26M","-0.52%"
"11/13/2023","104.84","104.05","105.14","103.81","15.31M","1.05%"
"11/10/2023","103.75","103.93","104.41","102.90","17.83M","0.77%"
"11/09/2023","102.96","103.67","103.97","102.86","18.38M","0.03%"
"11/08/2023","102.93","103.73","104.90","102.89","19.18M","-1.23%"
"11/07/2023","104.21","104.47","104.86","103.29","20.27M","-1.57%"
"11/06/2023","105.87","108.17","108.27","105.77","19.10M","-1.77%"
"11/03/2023","107.78","108.40","108.78","106.54","30.56M","-1.22%"
"11/02/2023","109.11","105.88","109.19","105.50","25.21M","3.28%"
"11/01/2023","105.64","106.53","107.17","105.46","28.98M","-0.20%"
"10/31/2023","105.85","105.58","106.16","104.54","22.19M","-0.03%"
"10/30/2023","105.88","105.74","106.42","105.21","19.38M","0.31%"
"10/27/2023","105.55","108.89","109.86","104.96","23.09M","-1.91%"
"10/26/2023","107.60","107.45","108.34","106.50","18.77M","-0.91%"
"10/25/2023","108.59","108.52","109.50","108.13","22.05M","0.18%"
"10/24/2023","108.39","109.70","109.82","108.12","16.79M","-0.97%"
"10/23/2023","109.45","110.63","110.96","108.68","18.18M","-1.47%"
"10/20/2023","111.08","112.92","113.32","110.79","22.45M","-1.72%"
"10/19/2023","113.02","112.72","113.96","111.32","20.97M","0.06%"
"10/18/2023","112.95","111.82","113.39","111.70","23.38M","1.40%"
"10/17/2023","111.39","109.73","111.80","109.68","19.78M","1.31%"
"10/16/2023","109.95","110.50","110.68","109.13","18.45M","0.07%"
"10/13/2023","109.87","108.03","110.20","107.84","30.29M","3.19%"
"10/12/2023","106.47","107.59","107.84","106.09","31.18M","-0.02%"
"10/11/2023","106.49","106.96","107.17","104.83","57.94M","-3.59%"
"10/10/2023","110.45","111.02","111.45","110.12","13.89M","-0.42%"
"10/09/2023","110.92","110.44","112.07","109.52","22.37M","3.50%"
"10/06/2023","107.17","105.73","108.27","105.11","25.37M","-1.67%"
"10/05/2023","108.99","109.80","110.90","108.70","20.13M","-2.25%"
"10/04/2023","111.50","114.05","114.09","110.50","19.62M","-3.74%"
"10/03/2023","115.83","115.44","116.44","115.03","13.30M","0.17%"
"10/02/2023","115.63","117.53","117.79","114.55","14.39M","-1.66%"
"09/29/2023","117.58","119.10","119.18","116.73","18.81M","-1.58%"
"09/28/2023","119.47","119.98","120.70","118.19","16.81M","-0.61%"
"09/27/2023","120.20","117.89","120.50","117.40","23.98M","3.26%"
"09/26/2023","116.41","115.50","116.73","115.37","11.81M","0.15%"
"09/25/2023","116.23","115.09","116.64","114.83","11.32M","1.12%"
"09/22/2023","114.94","115.71","116.68","114.81","13.20M","0.16%"
"09/21/2023","114.76","116.98","117.37","114.60","14.41M","-1.41%"
"09/20/2023","116.40","116.54","118.02","116.32","11.88M","-0.79%"
"09/19/2023","117.33","118.62","118.84","116.61","12.57M","-0.26%"
"09/18/2023","117.64","117.53","118.24","116.70","14.05M","0.81%"
"09/15/2023","116.70","117.90","118.51","116.50","34.57M","-1.54%"
"09/14/2023","118.52","117.55","118.66","117.33","15.21M","1.79%"
"09/13/2023","116.44","117.41","117.96","115.90","13.47M","-0.89%"
"09/12/2023","117.49","115.34","117.67","115.27","20.15M","2.92%"
"09/11/2023","114.16","116.18","116.68","113.57","14.38M","-1.25%"
"09/08/2023","115.61","114.53","116.05","114.32","14.29M","1.46%"
"09/07/2023","113.95","114.65","115.85","113.70","13.25M","-0.49%"
"09/06/2023","114.51","113.48","114.59","113.23","13.33M","0.86%"
"09/05/2023","113.53","114.10","115.82","113.50","18.30M","0.01%"
"09/01/2023","113.52","112.20","113.82","112.20","14.84M","2.10%"
"08/31/2023","111.19","111.12","111.42","110.61","17.48M","0.28%"
"08/30/2023","110.88","110.44","111.14","109.98","11.92M","0.97%"
"08/29/2023","109.81","109.66","110.02","108.42","9.67M","0.60%"
"08/28/2023","109.16","108.45","110.04","108.44","10.38M","0.84%"
"08/25/2023","108.25","107.43","108.93","106.62","13.58M","1.79%"
"08/24/2023","106.35","106.42","107.76","106.07","10.82M","-0.75%"
"08/23/2023","107.15","107.04","107.30","105.72","11.44M","-0.88%"
"08/22/2023","108.10","109.17","109.72","107.95","10.52M","-0.56%"
"08/21/2023","108.71","110.36","110.98","108.14","11.09M","-1.21%"
"08/18/2023","110.04","107.64","110.19","107.62","16.22M","1.51%"
"08/17/2023","108.40","107.42","110.14","107.42","16.71M","1.94%"
"08/16/2023","106.34","108.28","109.33","106.28","13.70M","-1.68%"
"08/15/2023","108.16","110.75","110.86","107.96","14.91M","-3.36%"
"08/14/2023","111.92","111.68","111.98","110.78","12.97M","0.08%"
"08/11/2023","111.83","110.37","112.07","110.05","14.05M","1.55%"
"08/10/2023","110.12","110.19","111.63","109.44","15.84M","0.51%"
"08/09/2023","109.56","108.71","110.42","108.31","19.92M","1.70%"
"08/08/2023","107.73","106.04","107.75","104.83","14.07M","0.49%"
"08/07/2023","107.20","107.90","108.42","106.50","12.41M","-0.20%"
"08/04/2023","107.42","107.96","109.24","107.33","14.28M","0.28%"
"08/03/2023","107.12","105.89","107.88","105.30","16.28M","1.74%"
"08/02/2023","105.29","106.26","106.38","104.57","13.49M","-1.25%"
"08/01/2023","106.62","106.95","107.32","105.53","14.21M","-0.58%"
"07/31/2023","107.24","105.19","107.86","105.19","24.20M","2.96%"
"07/28/2023","104.16","105.11","105.16","102.32","17.57M","-1.20%"
"07/27/2023","105.42","106.00","106.99","104.74","17.68M","0.31%"
"07/26/2023","105.09","105.11","105.72","104.64","15.16M","-0.56%"
"07/25/2023","105.68","105.06","106.09","104.54","14.12M","0.15%"
"07/24/2023","105.52","104.36","106.16","103.96","15.09M","1.57%"
"07/21/2023","103.89","104.16","104.38","103.26","17.12M","0.46%"
"07/20/2023","103.41","102.54","103.66","102.36","15.74M","1.76%"
"07/19/2023","101.62","101.05","102.40","100.80","15.56M","0.69%"
"07/18/2023","100.92","100.92","102.20","100.34","24.62M","-0.45%"
"07/17/2023","101.38","100.72","101.67","100.22","18.06M","0.44%"
"07/14/2023","100.94","104.05","104.05","100.53","28.18M","-3.44%"
"07/13/2023","104.54","105.97","106.23","103.32","26.83M","-1.83%"
"07/12/2023","106.49","107.00","107.65","106.13","13.24M","0.49%"
"07/11/2023","105.97","105.26","106.16","104.81","12.58M","1.22%"
"07/10/2023","104.69","102.97","104.75","102.75","14.88M","1.48%"
"07/07/2023","103.16","101.92","104.00","101.56","21.93M","0.23%"
"07/06/2023","102.92","105.09","105.72","102.43","17.96M","-3.73%"
"07/05/2023","106.91","107.63","107.92","106.10","12.49M","-0.51%"
"07/03/2023","107.46","107.49","108.46","107.07","7.40M","0.20%"
"06/30/2023","107.25","107.32","107.88","106.81","13.54M","0.52%"
"06/29/2023","106.70","105.66","106.73","105.13","11.36M","1.23%"
"06/28/2023","105.40","104.31","105.82","103.20","13.08M","0.81%"
"06/27/2023","104.55","104.04","104.61","103.27","13.23M","0.25%"
"06/26/2023","104.29","102.20","104.90","102.20","14.28M","1.85%"
"06/23/2023","102.40","102.59","102.82","101.62","17.93M","-0.87%"
"06/22/2023","103.30","102.84","103.89","102.65","12.46M","-0.55%"
"06/21/2023","103.87","102.50","104.63","102.33","13.29M","1.12%"
"06/20/2023","102.72","104.68","104.77","102.12","17.52M","-2.29%"
"06/16/2023","105.13","106.36","106.77","104.96","43.13M","-0.72%"
"06/15/2023","105.89","105.50","107.03","105.44","16.22M","0.69%"
"06/14/2023","105.16","107.45","108.11","104.39","16.63M","-1.20%"
"06/13/2023","106.44","107.38","108.34","106.28","13.53M","0.02%"
"06/12/2023","106.42","105.81","107.06","105.56","14.12M","-0.90%"
"06/09/2023","107.39","108.46","108.61","107.16","12.25M","-0.74%"
"06/08/2023","108.19","108.77","109.14","105.90","13.52M","-0.31%"
"06/07/2023","108.53","106.79","108.89","106.73","16.03M","2.24%"
"06/06/2023","106.15","104.15","106.27","103.98","12.21M","0.82%"
"06/05/2023","105.29","107.19","107.29","105.09","12.25M","-0.44%"
"06/02/2023","105.76","105.16","106.13","104.53","14.11M","2.32%"
"06/01/2023","103.36","101.75","105.58","101.26","13.55M","1.15%"
"05/31/2023","102.18","102.29","103.04","101.74","24.93M","-1.79%"
"05/30/2023","104.04","103.29","104.12","102.61","11.94M","-0.89%"
"05/26/2023","104.97","106.47","106.95","104.83","12.37M","-0.65%"
"05/25/2023","105.66","105.94","106.43","104.71","14.32M","-1.79%"
"05/24/2023","107.59","107.38","108.51","106.73","16.34M","1.12%"
"05/23/2023","106.40","105.99","108.22","105.75","14.39M","1.36%"
"05/22/2023","104.97","105.84","107.04","104.88","12.88M","-1.21%"
"05/19/2023","106.26","106.57","107.05","105.82","13.36M","0.46%"
"05/18/2023","105.77","104.55","105.91","104.13","12.01M","0.91%"
"05/17/2023","104.82","103.39","105.23","102.85","14.06M","2.24%"
"05/16/2023","102.52","104.63","104.81","102.02","14.80M","-2.43%"
"05/15/2023","105.07","105.51","105.93","104.58","13.72M","-0.67%"
"05/12/2023","105.78","106.31","107.01","104.78","12.61M","-0.01%"
"05/11/2023","105.79","106.49","106.82","104.93","17.17M","-1.81%"
"05/10/2023","107.74","109.74","110.01","106.71","14.88M","-1.28%"
"05/09/2023","109.14","108.34","110.23","108.21","11.37M","0.03%"
"05/08/2023","109.11","110.50","110.97","109.04","11.19M","0.40%"
"05/05/2023","108.68","108.55","109.43","107.53","14.97M","2.49%"
"05/04/2023","106.04","107.90","108.75","105.91","17.18M","-1.75%"
"05/03/2023","107.93","109.08","109.81","107.75","16.21M","-1.97%"
"05/02/2023","110.10","113.94","113.94","109.29","24.32M","-3.99%"
"05/01/2023","114.67","115.99","117.30","114.45","17.35M","-3.10%"
"04/28/2023","118.34","117.25","119.92","116.83","24.38M","1.29%"
"04/27/2023","116.83","115.62","117.01","114.88","16.28M","1.20%"
"04/26/2023","115.45","116.03","117.09","114.68","15.57M","-0.92%"
"04/25/2023","116.52","117.55","117.74","115.63","12.18M","-1.42%"
"04/24/2023","118.20","115.92","118.89","115.88","15.83M","1.89%"
"04/21/2023","116.01","116.49","116.88","115.26","14.32M","0.32%"
"04/20/2023","115.64","115.13","115.68","113.23","17.04M","-0.80%"
"04/19/2023","116.57","116.08","116.90","115.77","10.68M","-0.32%"
"04/18/2023","116.94","114.39","117.21","114.30","17.44M","1.95%"
"04/17/2023","114.70","115.49","116.51","114.42","13.26M","-1.16%"
"04/14/2023","116.05","115.90","116.66","115.12","11.53M","0.24%"
"04/13/2023","115.77","114.60","115.89","114.13","12.40M","0.47%"
"04/12/2023","115.23","116.16","116.59","114.93","10.92M","-0.10%"
"04/11/2023","115.35","114.96","116.20","114.38","11.76M","0.71%"
"04/10/2023","114.54","114.78","116.18","114.17","13.01M","-0.44%"
"04/06/2023","115.05","116.86","117.18","114.77","15.78M","-1.66%"
"04/05/2023","116.99","115.35","117.00","114.31","16.48M","1.71%"
"04/04/2023","115.02","116.26","116.70","114.17","16.37M","-0.96%"
"04/03/2023","116.13","113.39","116.85","113.12","28.09M","5.90%"
"03/31/2023","109.66","109.68","110.17","109.05","14.42M","0.16%"
"03/30/2023","109.49","109.55","109.57","108.52","11.58M","0.49%"
"03/29/2023","108.96","108.06","109.16","107.49","14.22M","1.72%"
"03/28/2023","107.12","105.44","107.65","105.19","11.05M","1.25%"
"03/27/2023","105.80","104.74","106.48","103.91","14.81M","2.19%"
"03/24/2023","103.53","101.47","103.85","100.91","13.41M","0.12%"
"03/23/2023","103.41","105.36","106.34","102.44","14.39M","-1.13%"
"03/22/2023","104.59","106.80","107.18","104.56","14.95M","-2.29%"
"03/21/2023","107.04","104.17","107.28","104.13","31.59M","4.48%"
"03/20/2023","102.45","99.63","102.48","99.50","32.04M","2.61%"
"03/17/2023","99.84","100.60","101.61","99.14","43.20M","-1.18%"
"03/16/2023","101.03","99.11","101.68","98.02","27.48M","-0.58%"
"03/15/2023","101.62","102.82","104.20","100.22","25.73M","-4.97%"
"03/14/2023","106.94","106.35","109.01","104.96","18.26M","0.38%"
"03/13/2023","106.54","105.34","107.86","103.72","20.75M","-1.15%"
"03/10/2023","107.78","109.56","111.04","107.15","15.80M","-1.24%"
"03/09/2023","109.13","110.87","112.23","109.03","12.96M","-0.77%"
"03/08/2023","109.98","111.23","112.42","109.07","13.51M","-1.46%"
"03/07/2023","111.61","112.81","113.17","111.17","11.53M","-1.93%"
"03/06/2023","113.81","111.99","113.84","111.87","14.35M","0.89%"
"03/03/2023","112.81","110.05","113.37","109.95","13.01M","1.27%"
"03/02/2023","111.40","110.61","111.69","110.17","10.34M","0.46%"
"03/01/2023","110.89","109.31","111.86","109.24","13.20M","0.89%"
"02/28/2023","109.91","111.24","111.36","109.22","18.11M","-0.58%"
"02/27/2023","110.55","110.80","111.26","109.96","11.71M","-0.18%"
"02/24/2023","110.75","109.33","110.96","109.02","14.35M","0.01%"
"02/23/2023","110.74","110.73","111.83","109.90","11.29M","0.92%"
"02/22/2023","109.73","110.48","110.97","108.64","13.97M","-1.30%"
"02/21/2023","111.17","110.81","112.38","110.81","14.47M","-0.10%"
"02/17/2023","111.28","114.19","114.19","110.98","20.76M","-3.85%"
"02/16/2023","115.73","115.31","116.78","114.80","11.36M","-0.29%"
"02/15/2023","116.07","115.72","116.09","114.14","13.67M","-0.30%"
"02/14/2023","116.42","117.01","117.81","116.02","12.08M","-1.17%"
"02/13/2023","117.80","117.72","118.18","115.90","14.54M","-1.15%"
"02/10/2023","119.17","116.51","119.63","116.16","24.92M","4.22%"
"02/09/2023","114.35","114.62","116.24","114.18","17.44M","0.38%"
"02/08/2023","113.92","115.05","115.83","113.85","18.46M","-0.87%"
"02/07/2023","114.92","112.39","115.31","112.02","16.01M","2.86%"
"02/06/2023","111.73","112.36","113.09","110.32","13.86M","-0.17%"
"02/03/2023","111.92","111.90","114.11","111.56","20.23M","0.69%"
"02/02/2023","111.15","114.85","115.07","109.83","24.56M","-3.13%"
"02/01/2023","114.74","115.83","117.38","113.34","19.46M","-1.09%"
"01/31/2023","116.01","112.10","116.40","110.43","27.86M","2.16%"
"01/30/2023","113.56","115.09","115.49","113.15","18.67M","-1.77%"
"01/27/2023","115.61","116.95","117.67","115.39","15.18M","-1.83%"
"01/26/2023","117.76","114.72","117.78","114.33","21.02M","4.02%"
"01/25/2023","113.21","113.23","113.65","111.39","11.91M","-0.53%"
"01/24/2023","113.81","109.16","114.02","104.87","13.58M","0.93%"
"01/23/2023","112.76","113.64","114.59","112.64","16.58M","-0.52%"
"01/20/2023","113.35","111.36","113.44","110.61","16.52M","1.82%"
"01/19/2023","111.32","110.07","112.13","109.58","12.93M","0.64%"
"01/18/2023","110.61","113.26","114.12","110.40","16.40M","-2.05%"
"01/17/2023","112.93","113.41","114.08","112.67","16.54M","-0.19%"
"01/13/2023","113.15","113.11","113.49","112.16","12.01M","-0.06%"
"01/12/2023","113.22","111.82","113.74","111.74","15.36M","1.66%"
"01/11/2023","111.37","110.99","111.45","109.08","16.71M","1.16%"
"01/10/2023","110.09","109.79","110.33","108.00","15.10M","1.49%"
"01/09/2023","108.47","111.64","111.64","107.81","17.96M","-1.86%"
"01/06/2023","110.53","110.08","111.99","109.67","16.35M","1.21%"
"01/05/2023","109.21","106.34","109.95","106.31","15.95M","2.24%"
"01/04/2023","106.82","104.80","107.15","104.76","18.06M","0.29%"
"01/03/2023","106.51","109.78","110.02","105.49","15.15M","-3.44%"
"12/30/2022","110.30","108.61","110.50","108.61","11.80M","1.01%"
"12/29/2022","109.20","107.99","109.72","107.99","10.53M","0.76%"
"12/28/2022","108.38","109.91","110.00","107.90","10.70M","-1.64%"
"12/27/2022","110.19","109.27","110.46","108.83","11.96M","1.39%"
"12/23/2022","108.68","106.95","108.74","106.90","11.54M","2.64%"
"12/22/2022","105.88","107.89","108.19","104.10","13.22M","-2.02%"
"12/21/2022","108.06","108.29","108.58","107.16","13.57M","1.28%"
"12/20/2022","106.69","105.17","107.51","105.07","14.68M","1.45%"
"12/19/2022","105.17","105.26","106.20","104.38","13.61M","0.45%"
"12/16/2022","104.70","103.69","105.58","103.13","54.60M","-0.70%"
"12/15/2022","105.44","105.33","106.17","103.70","15.37M","-0.96%"
"12/14/2022","106.46","107.99","108.30","105.75","17.60M","-0.74%"
"12/13/2022","107.25","107.80","108.54","107.02","24.31M","1.09%"
"12/12/2022","106.09","103.83","106.24","103.58","20.41M","2.46%"
"12/09/2022","103.54","104.59","105.95","103.30","21.30M","-0.84%"
"12/08/2022","104.42","106.28","106.79","103.71","21.13M","0.74%"
"12/07/2022","103.65","103.78","104.85","102.37","20.06M","-0.22%"
"12/06/2022","103.88","105.90","107.04","103.14","21.20M","-2.78%"
"12/05/2022","106.85","110.70","111.36","105.94","19.29M","-2.74%"
"12/02/2022","109.86","109.51","111.71","109.20","15.25M","-0.85%"
"12/01/2022","110.80","111.64","112.07","110.18","14.40M","-0.48%"
"11/30/2022","111.34","111.54","111.90","109.78","23.16M","0.72%"
"11/29/2022","110.54","110.61","111.80","109.79","14.45M","0.66%"
"11/28/2022","109.81","110.66","111.46","109.62","23.02M","-3.00%"
"11/25/2022","113.21","113.88","114.61","113.06","7.14M","-0.35%"
"11/23/2022","113.61","112.32","113.95","112.10","11.55M","-0.50%"
"11/22/2022","114.18","112.21","114.47","111.43","17.72M","2.89%"
"11/21/2022","110.97","109.99","111.20","107.48","20.97M","-0.99%"
"11/18/2022","112.08","110.90","112.48","109.61","15.42M","-0.87%"
"11/17/2022","113.06","111.29","113.20","110.75","12.44M","0.13%"
"11/16/2022","112.91","113.44","114.26","111.86","13.59M","-1.07%"
"11/15/2022","114.13","113.80","114.53","112.87","19.37M","0.67%"
"11/14/2022","113.37","112.63","114.64","112.49","20.86M","-0.51%"
"11/11/2022","113.95","112.58","114.50","112.49","20.52M","3.12%"
"11/10/2022","110.50","110.19","110.70","107.57","20.15M","1.47%"
"11/09/2022","108.90","113.10","113.28","108.57","19.52M","-4.47%"
"11/08/2022","114.00","113.48","114.66","112.60","14.66M","0.32%"
"11/07/2022","113.64","112.41","113.99","112.13","16.01M","1.18%"
"11/04/2022","112.31","113.00","113.50","110.80","17.54M","1.09%"
"11/03/2022","111.10","108.58","111.82","108.31","17.10M","1.36%"
"11/02/2022","109.61","111.58","112.10","109.31","20.66M","-2.06%"
"11/01/2022","111.91","112.37","112.57","110.65","22.21M","0.99%"
"10/31/2022","110.81","109.50","112.91","109.44","26.40M","0.10%"
"10/28/2022","110.70","109.46","111.21","108.12","28.17M","2.93%"
"10/27/2022","107.55","108.41","109.58","107.42","18.21M","0.38%"
"10/26/2022","107.14","106.26","107.83","106.00","17.39M","1.19%"
"10/25/2022","105.88","106.41","107.33","105.07","15.72M","-0.68%"
"10/24/2022","106.60","105.66","107.68","105.12","17.02M","0.70%"
"10/21/2022","105.86","104.45","106.40","103.90","22.81M","1.86%"
"10/20/2022","103.93","104.32","105.00","103.41","17.65M","0.13%"
"10/19/2022","103.79","101.25","103.99","101.23","20.92M","2.97%"
"10/18/2022","100.80","101.54","102.35","99.23","14.07M","0.18%"
"10/17/2022","100.62","101.07","101.97","100.50","14.28M","1.44%"
"10/14/2022","99.19","101.12","102.24","99.04","15.23M","-2.63%"
"10/13/2022","101.87","97.55","102.45","97.40","22.02M","3.49%"
"10/12/2022","98.43","97.50","98.91","97.23","12.64M","0.44%"
"10/11/2022","98.00","97.22","99.76","96.75","17.80M","-0.85%"
"10/10/2022","98.84","101.49","102.03","98.72","16.79M","-2.17%"
"10/07/2022","101.03","102.19","103.32","100.18","24.51M","-1.01%"
"10/06/2022","102.06","98.47","102.18","98.33","29.12M","2.97%"
"10/05/2022","99.12","95.75","99.99","95.66","34.86M","4.04%"
"10/04/2022","95.27","93.24","95.36","92.71","22.13M","3.64%"
"10/03/2022","91.92","90.04","92.36","89.72","23.88M","5.28%"
"09/30/2022","87.31","88.17","89.04","87.31","21.36M","-1.54%"
"09/29/2022","88.68","88.18","89.36","87.13","17.90M","-0.20%"
"09/28/2022","88.86","86.12","89.30","85.92","19.54M","3.64%"
"09/27/2022","85.74","85.61","86.96","84.81","17.31M","2.10%"
"09/26/2022","83.98","84.90","86.22","83.89","22.04M","-2.06%"
"09/23/2022","85.75","87.50","87.50","84.85","27.74M","-5.32%"
"09/22/2022","90.57","92.20","92.66","90.52","16.14M","-0.42%"
"09/21/2022","90.95","93.57","93.88","90.87","17.33M","-1.61%"
"09/20/2022","92.44","92.73","92.93","91.64","14.71M","-0.82%"
"09/19/2022","93.20","91.01","93.49","91.00","15.34M","-0.01%"
"09/16/2022","93.21","95.07","95.34","92.00","37.87M","-1.71%"
"09/15/2022","94.83","96.22","96.54","94.05","21.09M","-2.91%"
"09/14/2022","97.67","96.19","98.56","96.15","22.66M","2.45%"
"09/13/2022","95.33","96.61","97.78","94.91","18.23M","-2.34%"
"09/12/2022","97.61","97.65","99.19","96.88","16.12M","1.15%"
"09/09/2022","96.50","96.52","97.00","95.32","17.16M","1.68%"
"09/08/2022","94.91","94.66","95.42","93.72","18.76M","0.82%"
"09/07/2022","94.14","93.19","94.59","92.30","16.27M","-0.85%"
"09/06/2022","94.95","96.16","96.59","94.51","19.20M","-0.67%"
"09/02/2022","95.59","96.35","96.79","95.11","18.21M","1.83%"
"09/01/2022","93.87","94.42","95.07","92.29","16.42M","-1.80%"
"08/31/2022","95.59","94.03","96.84","93.59","18.34M","-0.75%"
"08/30/2022","96.31","98.36","98.62","95.82","17.09M","-3.81%"
"08/29/2022","100.12","98.18","101.56","98.14","23.06M","2.30%"
"08/26/2022","97.87","98.77","99.91","97.42","15.53M","-1.23%"
"08/25/2022","99.09","98.92","99.86","98.10","15.31M","0.52%"
"08/24/2022","98.58","98.01","98.96","97.36","17.05M","0.59%"
"08/23/2022","98.00","95.55","98.41","95.45","23.76M","4.24%"
"08/22/2022","94.01","93.42","94.49","91.86","16.02M","-0.07%"
"08/19/2022","94.08","94.16","95.20","93.80","16.13M","-0.32%"
"08/18/2022","94.38","93.15","95.31","93.09","17.77M","2.36%"
"08/17/2022","92.20","91.27","93.21","90.92","13.68M","0.81%"
"08/16/2022","91.46","92.03","92.89","91.29","14.04M","-0.93%"
"08/15/2022","92.32","90.53","92.73","89.66","20.76M","-1.79%"
"08/12/2022","94.00","92.48","94.02","92.11","15.06M","0.87%"
"08/11/2022","93.19","91.84","94.30","91.44","18.80M","1.90%"
"08/10/2022","91.45","90.68","91.79","89.18","18.30M","0.95%"
"08/09/2022","90.59","90.05","91.61","89.95","19.08M","1.84%"
"08/08/2022","88.95","88.61","89.60","88.22","14.47M","0.57%"
"08/05/2022","88.45","86.36","89.69","86.28","17.41M","1.45%"
"08/04/2022","87.19","90.31","90.34","86.43","31.82M","-4.21%"
"08/03/2022","91.02","94.42","94.42","90.79","23.58M","-3.24%"
"08/02/2022","94.07","94.69","95.20","93.82","16.72M","-0.43%"
"08/01/2022","94.48","94.79","95.35","93.23","20.79M","-2.53%"
"07/29/2022","96.93","94.45","97.51","94.10","29.83M","4.63%"
"07/28/2022","92.64","92.18","93.25","91.01","20.35M","1.17%"
"07/27/2022","91.57","90.28","92.00","89.40","18.05M","2.16%"
"07/26/2022","89.63","91.13","91.28","89.00","15.14M","-0.39%"
"07/25/2022","89.98","88.16","90.13","87.42","17.54M","3.33%"
"07/22/2022","87.08","87.55","88.47","86.63","15.48M","-0.76%"
"07/21/2022","87.75","86.93","87.80","85.21","21.38M","-1.67%"
"07/20/2022","89.24","87.58","89.65","87.25","16.58M","1.10%"
"07/19/2022","88.27","86.42","88.52","86.25","18.25M","2.52%"
"07/18/2022","86.10","86.58","87.94","85.75","19.40M","1.85%"
"07/15/2022","84.54","84.80","84.88","82.90","17.24M","1.68%"
"07/14/2022","83.14","81.85","83.31","80.69","26.34M","-2.00%"
"07/13/2022","84.84","83.38","86.31","83.30","19.93M","0.40%"
"07/12/2022","84.50","83.78","85.05","82.86","21.01M","-1.33%"
"07/11/2022","85.64","85.17","86.12","84.36","15.61M","-0.51%"
"07/08/2022","86.08","86.95","87.30","84.93","17.67M","0.16%"
"07/07/2022","85.94","85.38","86.76","85.30","23.82M","3.19%"
"07/06/2022","83.28","83.76","85.23","81.01","33.38M","-1.80%"
"07/05/2022","84.81","86.34","86.70","83.01","34.60M","-3.13%"
"07/01/2022","87.55","86.74","87.88","84.71","26.33M","2.23%"
"06/30/2022","85.64","86.14","87.60","84.67","39.95M","-2.81%"
"06/29/2022","88.12","92.98","93.20","87.75","25.40M","-3.69%"
"06/28/2022","91.50","91.12","93.24","90.35","33.12M","2.77%"
"06/27/2022","89.03","87.81","90.04","87.67","25.48M","2.45%"
"06/24/2022","86.90","86.95","88.40","85.81","26.64M","1.98%"
"06/23/2022","85.21","88.66","89.05","83.52","35.76M","-3.02%"
"06/22/2022","87.86","87.54","89.76","87.53","29.77M","-3.96%"
"06/21/2022","91.48","88.58","92.53","88.52","35.95M","6.22%"
"06/17/2022","86.12","90.96","91.35","85.65","64.61M","-5.77%"
"06/16/2022","91.39","92.41","93.13","90.28","35.70M","-3.69%"
"06/15/2022","94.89","95.99","96.57","93.27","29.62M","-1.26%"
"06/14/2022","96.10","97.41","98.67","95.27","31.26M","0.26%"
"06/13/2022","95.85","97.52","97.77","93.92","33.42M","-4.59%"
"06/10/2022","100.46","101.94","103.35","99.79","30.96M","-1.83%"
"06/09/2022","102.33","103.42","104.57","102.16","26.63M","-2.16%"
"06/08/2022","104.59","103.49","105.57","102.98","31.61M","1.18%"
"06/07/2022","103.37","99.70","103.43","99.49","37.81M","4.58%"
"06/06/2022","98.84","99.18","99.78","98.67","20.68M","-0.25%"
"06/03/2022","99.09","97.90","99.66","97.90","21.04M","1.45%"
"06/02/2022","97.67","97.29","98.10","96.79","19.09M","-0.17%"
"06/01/2022","97.84","97.02","98.71","96.62","25.82M","1.92%"
"05/31/2022","96.00","98.56","99.78","95.71","44.89M","-1.63%"
"05/27/2022","97.59","95.94","97.93","95.30","25.59M","0.98%"
"05/26/2022","96.64","96.60","97.43","96.20","24.31M","0.35%"
"05/25/2022","96.30","94.58","96.53","94.47","29.95M","2.01%"
"05/24/2022","94.40","92.82","94.79","92.32","24.29M","0.54%"
"05/23/2022","93.89","92.66","94.77","92.55","27.24M","2.21%"
"05/20/2022","91.86","91.93","93.59","90.40","28.80M","0.79%"
"05/19/2022","91.14","89.00","92.30","89.00","24.39M","0.54%"
"05/18/2022","90.65","92.51","92.92","89.83","25.45M","-1.59%"
"05/17/2022","92.11","91.73","92.45","91.12","23.12M","1.28%"
"05/16/2022","90.95","88.98","91.97","88.97","26.10M","2.35%"
"05/13/2022","88.86","87.36","88.94","86.35","25.80M","2.97%"
"05/12/2022","86.30","85.95","86.38","83.40","29.49M","-0.56%"
"05/11/2022","86.79","86.43","88.94","86.28","33.02M","2.08%"
"05/10/2022","85.02","85.64","86.89","83.51","34.48M","0.66%"
"05/09/2022","84.46","89.44","89.56","84.02","45.85M","-7.89%"
"05/06/2022","91.69","90.98","91.82","89.35","29.62M","1.53%"
"05/05/2022","90.31","92.04","92.05","88.39","41.01M","-1.52%"
"05/04/2022","91.70","89.50","91.88","88.91","46.19M","3.98%"
"05/03/2022","88.19","86.26","88.78","86.12","33.91M","2.06%"
"05/02/2022","86.41","85.01","87.04","84.63","36.34M","1.36%"
"04/29/2022","85.25","88.14","88.14","84.70","34.66M","-2.24%"
"04/28/2022","87.20","84.88","88.14","84.07","33.68M","3.02%"
"04/27/2022","84.64","83.39","85.47","82.28","32.77M","2.86%"
"04/26/2022","82.29","82.73","84.72","82.18","28.94M","0.04%"
"04/25/2022","82.26","82.37","82.65","79.29","37.70M","-3.37%"
"04/22/2022","85.13","86.66","88.12","85.00","23.59M","-2.18%"
"04/21/2022","87.03","88.95","89.80","86.79","29.01M","-1.06%"
"04/20/2022","87.96","87.97","88.50","87.30","20.69M","0.23%"
"04/19/2022","87.76","88.01","88.66","87.27","20.38M","-0.89%"
"04/18/2022","88.55","88.50","88.89","87.75","19.03M","0.82%"
"04/14/2022","87.83","86.67","88.46","86.23","24.57M","1.17%"
"04/13/2022","86.81","86.61","87.11","85.19","19.31M","1.41%"
"04/12/2022","85.60","85.71","86.82","85.38","22.44M","2.09%"
"04/11/2022","83.85","85.78","85.93","83.50","21.80M","-3.44%"
"04/08/2022","86.84","85.17","87.21","85.17","24.87M","2.10%"
"04/07/2022","85.05","83.83","85.44","82.71","26.12M","1.67%"
"04/06/2022","83.65","83.42","84.70","82.94","24.77M","1.11%"
"04/05/2022","82.73","83.50","85.07","82.56","21.75M","-0.52%"
"04/04/2022","83.16","83.56","83.66","82.05","20.88M","0.05%"
"04/01/2022","83.12","81.99","84.14","81.99","18.67M","0.64%"
"03/31/2022","82.59","82.87","84.40","82.55","27.86M","-1.42%"
"03/30/2022","83.78","83.06","84.01","82.71","22.08M","1.71%"
"03/29/2022","82.37","80.81","82.49","79.76","27.04M","-0.53%"
"03/28/2022","82.81","83.17","83.31","82.02","21.55M","-2.81%"
"03/25/2022","85.20","82.92","85.49","82.79","22.41M","2.18%"
"03/24/2022","83.38","83.46","84.65","82.75","19.87M","0.30%"
"03/23/2022","83.13","83.34","84.27","83.05","27.72M","1.58%"
"03/22/2022","81.84","81.63","82.20","80.79","23.13M","-0.44%"
"03/21/2022","82.20","80.12","82.51","79.74","33.09M","4.49%"
"03/18/2022","78.67","79.06","79.39","78.10","41.46M","-0.39%"
"03/17/2022","78.98","78.18","79.15","77.07","34.04M","2.66%"
"03/16/2022","76.93","77.81","78.62","76.25","37.81M","-0.38%"
"03/15/2022","77.22","78.82","79.17","76.37","47.96M","-5.69%"
"03/14/2022","81.88","83.06","83.45","80.50","37.46M","-3.58%"
"03/11/2022","84.92","84.07","86.23","83.97","35.30M","-0.52%"
"03/10/2022","85.36","84.01","85.68","82.90","44.64M","3.10%"
"03/09/2022","82.79","84.03","86.57","81.60","65.47M","-5.68%"
"03/08/2022","87.78","89.05","91.50","85.43","72.08M","0.76%"
"03/07/2022","87.12","84.92","87.23","83.90","55.21M","3.60%"
"03/04/2022","84.09","81.05","84.28","80.66","42.84M","3.76%"
"03/03/2022","81.04","79.86","81.77","79.63","30.20M","0.63%"
"03/02/2022","80.53","80.60","82.15","79.82","44.32M","1.72%"
"03/01/2022","79.17","78.77","80.65","78.33","40.00M","0.96%"
"02/28/2022","78.42","76.51","78.93","76.20","32.20M","0.75%"
"02/25/2022","77.84","76.69","77.99","76.26","28.31M","2.69%"
"02/24/2022","75.80","79.00","79.03","74.03","46.20M","-1.26%"
"02/23/2022","76.77","76.46","77.47","76.13","25.39M","0.41%"
"02/22/2022","76.46","79.67","79.79","75.31","35.95M","-1.16%"
"02/18/2022","77.36","77.16","78.17","76.89","23.39M","-1.11%"
"02/17/2022","78.23","78.48","79.12","77.95","23.74M","-0.15%"
"02/16/2022","78.35","78.79","79.73","78.04","21.73M","0.46%"
"02/15/2022","77.99","76.90","78.19","76.42","25.09M","-1.25%"
"02/14/2022","78.98","79.58","79.84","77.05","34.65M","-1.53%"
"02/11/2022","80.21","78.62","80.32","78.23","42.00M","2.52%"
"02/10/2022","78.24","78.72","79.68","77.79","28.53M","-0.96%"
"02/09/2022","79.00","79.58","80.03","78.71","40.11M","-1.57%"
"02/08/2022","80.26","82.27","82.50","79.92","34.36M","-2.59%"
"02/07/2022","82.39","81.14","83.08","80.64","34.95M","1.20%"
"02/04/2022","81.41","80.87","82.53","80.87","32.20M","2.17%"
"02/03/2022","79.68","80.09","80.31","79.02","28.53M","-1.17%"
"02/02/2022","80.62","80.06","80.81","79.15","30.30M","-0.26%"
"02/01/2022","80.83","76.45","81.51","76.27","61.03M","6.41%"
"01/31/2022","75.96","74.97","76.42","74.26","36.09M","0.90%"
"01/28/2022","75.28","74.97","75.62","73.95","30.60M","0.21%"
"01/27/2022","75.12","75.46","76.01","73.99","29.17M","1.28%"
"01/26/2022","74.17","75.43","76.00","73.49","35.25M","-1.01%"
"01/25/2022","74.93","72.59","75.24","71.39","39.28M","2.94%"
"01/24/2022","72.79","70.88","73.08","69.81","41.58M","0.86%"
"01/21/2022","72.17","73.18","73.18","71.04","35.12M","-1.50%"
"01/20/2022","73.27","72.50","74.37","72.26","26.77M","0.22%"
"01/19/2022","73.11","73.75","73.86","72.55","26.43M","0.04%"
"01/18/2022","73.08","72.82","73.88","72.01","32.86M","1.68%"
"01/14/2022","71.87","70.65","72.14","70.60","23.01M","1.76%"
"01/13/2022","70.63","71.12","71.58","70.31","21.04M","-0.72%"
"01/12/2022","71.14","71.14","71.81","70.64","23.05M","-0.29%"
"01/11/2022","71.35","68.89","71.40","68.58","32.94M","4.21%"
"01/10/2022","68.47","68.97","69.17","67.95","22.76M","-0.60%"
"01/07/2022","68.88","68.52","69.18","67.98","23.99M","0.82%"
"01/06/2022","68.32","68.00","68.48","67.07","30.67M","2.35%"
"01/05/2022","66.75","66.50","67.61","66.48","34.03M","1.24%"
"01/04/2022","65.93","64.13","66.18","64.10","38.58M","3.76%"
"01/03/2022","63.54","61.24","63.60","61.21","24.29M","3.84%"
"12/31/2021","61.19","60.74","61.47","60.70","14.07M","0.66%"
"12/30/2021","60.79","61.22","61.60","60.76","11.94M","-0.59%"
"12/29/2021","61.15","61.48","61.60","60.92","12.73M","-0.88%"
"12/28/2021","61.69","61.91","62.31","61.40","12.79M","-0.32%"
"12/27/2021","61.89","60.93","61.95","60.42","12.60M","1.43%"
"12/23/2021","61.02","61.17","61.84","61.00","13.54M","0.05%"
"12/22/2021","60.99","60.34","61.37","59.97","14.06M","0.81%"
"12/21/2021","60.50","59.75","60.68","59.72","19.80M","2.27%"
"12/20/2021","59.16","58.79","59.25","57.96","21.82M","-1.45%"
"12/17/2021","60.03","60.95","61.28","59.69","44.45M","-2.18%"
"12/16/2021","61.37","61.44","62.45","61.30","21.19M","0.16%"
"12/15/2021","61.27","61.19","61.50","60.01","19.96M","-0.44%"
"12/14/2021","61.54","61.26","62.47","61.22","22.55M","-0.15%"
"12/13/2021","61.63","62.47","62.72","61.35","17.79M","-2.19%"
"12/10/2021","63.01","63.27","63.35","62.22","17.94M","0.64%"
"12/09/2021","62.61","62.05","62.77","61.81","16.91M","0.26%"
"12/08/2021","62.45","62.61","63.19","62.34","18.21M","0.29%"
"12/07/2021","62.27","62.34","63.03","62.10","19.80M","1.12%"
"12/06/2021","61.58","61.72","62.16","61.42","19.21M","1.13%"
"12/03/2021","60.89","61.92","62.23","60.35","22.01M","-0.64%"
"12/02/2021","61.28","59.74","61.58","59.14","29.22M","2.49%"
"12/01/2021","59.79","60.90","62.03","59.75","30.67M","-0.08%"
"11/30/2021","59.84","60.46","61.19","59.66","34.98M","-2.84%"
"11/29/2021","61.59","62.57","63.14","61.29","18.95M","0.56%"
"11/26/2021","61.25","60.52","61.42","59.54","24.98M","-3.51%"
"11/24/2021","63.48","62.58","63.85","62.58","15.87M","0.55%"
"11/23/2021","63.13","62.19","63.38","61.92","21.19M","2.63%"
"11/22/2021","61.51","60.32","62.54","60.32","22.00M","1.38%"
"11/19/2021","60.67","61.89","62.03","60.41","32.04M","-4.62%"
"11/18/2021","63.61","64.16","64.53","63.11","16.95M","-1.09%"
"11/17/2021","64.31","64.38","65.24","64.18","15.50M","-1.09%"
"11/16/2021","65.02","64.34","65.37","64.34","17.03M","1.01%"
"11/15/2021","64.37","63.76","64.77","63.22","18.85M","0.86%"
"11/12/2021","63.82","63.96","64.37","63.58","18.16M","-0.76%"
"11/11/2021","64.31","64.19","64.82","64.02","13.32M","0.19%"
"11/10/2021","64.19","65.32","65.65","63.77","20.18M","-3.27%"
"11/09/2021","66.36","65.77","66.37","65.31","18.78M","0.97%"
"11/08/2021","65.72","65.55","66.38","65.38","17.70M","1.08%"
"11/05/2021","65.02","65.05","65.33","64.56","18.57M","0.95%"
"11/04/2021","64.41","64.68","64.89","63.83","17.72M","0.75%"
"11/03/2021","63.93","64.04","64.45","63.66","17.37M","-1.37%"
"11/02/2021","64.82","65.03","65.45","64.66","16.30M","-1.23%"
"11/01/2021","65.63","65.07","66.08","65.02","19.66M","1.80%"
"10/29/2021","64.47","65.05","65.36","64.33","23.97M","0.25%"
"10/28/2021","64.31","63.82","64.47","63.63","16.63M","0.28%"
"10/27/2021","64.13","65.16","65.25","63.97","21.76M","-2.60%"
"10/26/2021","65.84","64.49","65.94","64.36","25.59M","2.32%"
"10/25/2021","64.35","63.72","64.42","63.58","17.94M","1.95%"
"10/22/2021","63.12","62.77","63.22","62.35","14.27M","0.69%"
"10/21/2021","62.69","63.47","63.64","62.35","16.56M","-1.82%"
"10/20/2021","63.85","62.89","63.87","62.72","14.31M","0.55%"
"10/19/2021","63.50","62.87","63.61","62.67","18.93M","1.50%"
"10/18/2021","62.56","63.09","63.14","62.27","18.28M","-0.05%"
"10/15/2021","62.59","62.73","63.07","62.44","16.09M","0.95%"
"10/14/2021","62.00","61.71","62.22","61.17","18.59M","1.52%"
"10/13/2021","61.07","60.78","61.39","60.21","14.99M","-0.28%"
"10/12/2021","61.24","61.57","61.98","60.85","20.20M","-0.52%"
"10/11/2021","61.56","63.03","63.06","61.50","22.12M","-1.00%"
"10/08/2021","62.18","61.25","62.42","61.25","22.19M","2.51%"
"10/07/2021","60.66","60.61","61.08","60.14","19.51M","0.28%"
"10/06/2021","60.49","60.47","61.12","59.75","25.28M","-1.83%"
"10/05/2021","61.62","62.51","62.69","61.02","29.64M","-0.16%"
"10/04/2021","61.72","61.32","62.07","60.95","33.95M","1.30%"
"10/01/2021","60.93","59.41","60.99","59.41","24.41M","3.59%"
"09/30/2021","58.82","60.12","60.17","58.81","31.29M","-1.77%"
"09/29/2021","59.88","59.84","60.19","59.05","23.42M","-0.07%"
"09/28/2021","59.92","59.90","60.48","59.51","37.62M","1.05%"
"09/27/2021","59.30","58.85","59.80","58.82","32.97M","2.97%"
"09/24/2021","57.59","56.70","57.82","56.68","22.33M","0.89%"
"09/23/2021","57.08","55.42","57.24","55.28","23.07M","3.39%"
"09/22/2021","55.21","54.43","55.90","54.37","25.69M","2.93%"
"09/21/2021","53.64","54.37","54.51","53.25","19.70M","-0.09%"
"09/20/2021","53.69","53.78","54.17","52.96","27.56M","-2.66%"
"09/17/2021","55.16","55.34","56.75","55.10","30.03M","-1.18%"
"09/16/2021","55.82","56.46","56.46","55.50","17.91M","-1.06%"
"09/15/2021","56.42","55.37","56.53","55.31","23.24M","3.37%"
"09/14/2021","54.58","55.69","55.77","54.41","19.94M","-1.43%"
"09/13/2021","55.37","54.65","55.92","54.62","22.05M","2.58%"
"09/10/2021","53.98","55.19","55.23","53.95","15.12M","-0.20%"
"09/09/2021","54.09","53.62","55.00","53.30","19.11M","0.07%"
"09/08/2021","54.05","54.79","55.18","54.01","18.76M","-0.92%"
"09/07/2021","54.55","54.67","55.27","54.47","14.36M","-0.58%"
"09/03/2021","54.87","55.12","55.32","54.60","13.85M","-0.38%"
"09/02/2021","55.08","54.29","55.64","54.27","23.30M","2.44%"
"09/01/2021","53.77","54.49","54.76","53.60","21.64M","-1.38%"
"08/31/2021","54.52","54.93","55.31","54.46","27.10M","-1.16%"
"08/30/2021","55.16","56.24","56.34","55.12","14.09M","-1.09%"
"08/27/2021","55.77","55.40","56.21","55.40","15.82M","1.94%"
"08/26/2021","54.71","55.20","55.54","54.63","11.84M","-1.35%"
"08/25/2021","55.46","55.24","55.77","54.87","13.27M","0.18%"
"08/24/2021","55.36","55.29","55.85","55.01","17.92M","0.82%"
"08/23/2021","54.91","53.95","55.06","53.95","21.63M","4.11%"
"08/20/2021","52.74","52.27","53.13","52.11","16.92M","0.02%"
"08/19/2021","52.73","53.47","53.71","52.10","30.92M","-3.05%"
"08/18/2021","54.39","55.42","55.81","54.31","21.89M","-2.11%"
"08/17/2021","55.56","55.50","56.30","54.99","16.24M","-0.68%"
"08/16/2021","55.94","56.02","56.09","55.27","16.97M","-1.46%"
"08/13/2021","56.77","57.03","57.07","56.30","20.06M","-1.01%"
"08/12/2021","57.35","57.40","57.79","56.87","19.23M","-1.71%"
"08/11/2021","58.35","58.19","58.50","57.72","18.28M","0.29%"
"08/10/2021","58.18","57.42","58.36","57.30","16.34M","1.71%"
"08/09/2021","57.20","57.13","57.52","56.83","17.83M","-1.14%"
"08/06/2021","57.86","57.66","58.07","57.53","14.89M","1.15%"
"08/05/2021","57.20","57.13","57.70","56.83","15.18M","0.63%"
"08/04/2021","56.84","57.19","57.88","56.81","20.87M","-2.34%"
"08/03/2021","58.20","57.57","58.41","56.93","18.21M","1.08%"
"08/02/2021","57.58","57.55","59.06","57.40","20.87M","0.02%"
"07/30/2021","57.57","58.88","58.88","57.32","28.65M","-2.31%"
"07/29/2021","58.93","59.00","59.33","58.56","18.61M","1.22%"
"07/28/2021","58.22","58.00","58.63","57.62","16.86M","0.67%"
"07/27/2021","57.83","58.01","58.01","57.21","16.86M","-1.11%"
"07/26/2021","58.48","57.16","58.65","57.00","18.39M","2.52%"
"07/23/2021","57.04","57.29","57.29","56.47","14.09M","-0.12%"
"07/22/2021","57.11","57.73","57.74","56.66","13.49M","-1.13%"
"07/21/2021","57.76","56.86","58.30","56.83","20.91M","3.22%"
"07/20/2021","55.96","55.50","56.60","55.03","26.76M","1.10%"
"07/19/2021","55.35","55.64","56.20","54.60","37.97M","-3.44%"
"07/16/2021","57.32","59.18","59.26","57.15","27.05M","-2.77%"
"07/15/2021","58.95","59.17","59.70","58.76","15.85M","-0.97%"
"07/14/2021","59.53","61.17","61.73","59.35","21.57M","-2.22%"
"07/13/2021","60.88","61.00","61.51","60.51","17.15M","-0.47%"
"07/12/2021","61.17","60.42","61.50","60.16","21.81M","-0.10%"
"07/09/2021","61.23","60.69","61.45","60.24","20.09M","1.81%"
"07/08/2021","60.14","59.45","60.71","59.31","18.94M","-0.45%"
"07/07/2021","60.41","61.18","61.81","59.62","21.67M","-1.56%"
"07/06/2021","61.37","62.75","62.76","60.90","22.11M","-2.85%"
"07/02/2021","63.17","63.01","63.32","62.42","14.57M","-0.14%"
"07/01/2021","63.26","64.33","64.42","62.77","22.53M","0.29%"
"06/30/2021","63.08","62.70","63.23","62.45","17.88M","0.73%"
"06/29/2021","62.62","63.21","63.77","62.58","19.58M","-0.62%"
"06/28/2021","63.01","64.56","64.56","62.75","20.57M","-2.55%"
"06/25/2021","64.66","64.61","64.93","64.36","18.44M","0.22%"
"06/24/2021","64.52","64.15","64.56","63.81","19.57M","0.40%"
"06/23/2021","64.26","64.05","64.70","63.58","20.70M","0.74%"
"06/22/2021","63.79","62.85","64.01","62.23","25.14M","1.92%"
"06/21/2021","62.59","60.93","62.70","60.90","33.15M","3.63%"
"06/18/2021","60.40","61.00","61.55","60.24","39.59M","-2.56%"
"06/17/2021","61.99","63.86","64.46","61.27","28.49M","-3.29%"
"06/16/2021","64.10","64.32","64.80","63.56","24.80M","-0.36%"
"06/15/2021","64.33","62.48","64.40","62.35","30.72M","3.64%"
"06/14/2021","62.07","62.30","62.78","61.57","17.00M","-0.16%"
"06/11/2021","62.17","63.01","63.19","62.14","17.63M","-0.92%"
"06/10/2021","62.75","63.61","63.97","62.25","27.49M","0.16%"
"06/09/2021","62.65","62.67","63.42","62.19","29.13M","0.84%"
"06/08/2021","62.13","61.50","62.48","60.67","28.95M","1.77%"
"06/07/2021","61.05","61.33","61.73","61.02","15.48M","-0.65%"
"06/04/2021","61.45","61.46","61.70","60.78","20.43M","0.44%"
"06/03/2021","61.18","60.55","61.41","60.35","20.27M","0.39%"
"06/02/2021","60.94","60.75","61.31","60.17","22.98M","0.79%"
"06/01/2021","60.46","59.45","60.69","59.45","28.47M","3.58%"
"05/28/2021","58.37","58.73","58.80","58.11","19.25M","-0.32%"
"05/27/2021","58.56","59.23","59.70","58.02","33.56M","-0.64%"
"05/26/2021","58.94","58.25","59.12","57.90","21.70M","1.17%"
"05/25/2021","58.26","59.50","59.54","58.12","25.62M","-2.26%"
"05/24/2021","59.61","59.08","59.80","58.69","18.40M","1.17%"
"05/21/2021","58.92","59.42","59.83","58.85","20.79M","0.14%"
"05/20/2021","58.84","58.95","59.15","58.24","20.69M","-0.24%"
"05/19/2021","58.98","59.10","59.85","58.42","28.89M","-2.40%"
"05/18/2021","60.43","62.00","62.30","60.40","25.17M","-2.83%"
"05/17/2021","62.19","60.54","62.25","60.43","25.28M","2.34%"
"05/14/2021","60.77","59.93","60.88","59.93","20.74M","2.48%"
"05/13/2021","59.30","59.00","60.45","58.75","24.27M","-1.23%"
"05/12/2021","60.04","60.01","61.68","59.75","34.43M","-0.91%"
"05/11/2021","60.59","61.63","62.38","60.38","34.56M","-3.18%"
"05/10/2021","62.58","63.24","64.02","62.53","31.96M","0.24%"
"05/07/2021","62.43","61.07","62.47","60.85","33.61M","1.43%"
"05/06/2021","61.55","60.86","61.64","60.03","26.84M","0.95%"
"05/05/2021","60.97","59.77","61.05","59.40","31.53M","3.01%"
"05/04/2021","59.19","59.00","59.50","58.51","23.52M","0.63%"
"05/03/2021","58.82","57.98","58.99","57.74","20.51M","2.76%"
"04/30/2021","57.24","58.33","58.89","57.16","30.52M","-2.88%"
"04/29/2021","58.94","58.92","59.48","58.15","27.32M","1.43%"
"04/28/2021","58.11","56.91","58.46","56.79","24.73M","3.01%"
"04/27/2021","56.41","56.01","56.63","55.81","19.28M","1.31%"
"04/26/2021","55.68","55.47","56.28","55.44","16.08M","0.20%"
"04/23/2021","55.57","55.27","55.94","55.18","15.34M","0.54%"
"04/22/2021","55.27","55.99","55.99","55.02","21.60M","-1.30%"
"04/21/2021","56.00","54.50","56.13","54.30","16.63M","1.28%"
"04/20/2021","55.29","56.47","56.47","54.78","21.78M","-2.11%"
"04/19/2021","56.48","56.75","57.14","55.96","21.12M","-0.32%"
"04/16/2021","56.66","57.36","57.68","56.44","22.75M","-0.56%"
"04/15/2021","56.98","57.42","57.42","56.78","23.25M","-0.59%"
"04/14/2021","57.32","56.41","58.01","56.25","28.05M","2.89%"
"04/13/2021","55.71","55.30","55.98","55.09","19.37M","0.38%"
"04/12/2021","55.50","56.76","56.79","55.31","20.24M","-0.66%"
"04/09/2021","55.87","56.00","56.44","55.53","20.02M","-0.23%"
"04/08/2021","56.00","55.93","56.08","55.32","22.00M","-1.04%"
"04/07/2021","56.59","56.39","56.77","56.24","22.38M","0.44%"
"04/06/2021","56.34","56.84","57.54","56.26","18.93M","-0.28%"
"04/05/2021","56.50","57.30","57.32","56.14","23.26M","-1.55%"
"04/01/2021","57.39","56.32","57.45","56.14","23.19M","2.79%"
"03/31/2021","55.83","56.35","56.63","55.80","23.69M","-1.52%"
"03/30/2021","56.69","56.86","57.36","56.49","20.30M","-1.24%"
"03/29/2021","57.40","57.34","57.82","56.74","21.14M","-0.54%"
"03/26/2021","57.71","57.30","57.78","56.52","34.23M","2.72%"
"03/25/2021","56.18","55.21","56.50","54.50","31.50M","-0.28%"
"03/24/2021","56.34","56.08","57.28","56.08","29.78M","2.03%"
"03/23/2021","55.22","54.94","56.29","54.45","33.49M","-1.23%"
"03/22/2021","55.91","56.50","56.86","55.90","29.32M","-1.03%"
"03/19/2021","56.49","56.71","57.47","55.81","84.44M","-0.56%"
"03/18/2021","56.81","58.81","58.97","56.52","38.62M","-4.31%"
"03/17/2021","59.37","58.69","59.73","58.62","25.58M","0.44%"
"03/16/2021","59.11","59.54","59.66","58.44","30.62M","-2.12%"
"03/15/2021","60.39","61.49","61.85","59.87","31.26M","-2.55%"
"03/12/2021","61.97","61.55","62.37","61.50","20.42M","1.08%"
"03/11/2021","61.31","61.78","62.55","61.26","24.80M","-0.74%"
"03/10/2021","61.77","60.52","61.92","60.03","31.58M","3.07%"
"03/09/2021","59.93","60.61","61.39","59.47","35.65M","-1.54%"
"03/08/2021","60.87","61.58","61.61","59.82","38.15M","-0.10%"
"03/05/2021","60.93","59.83","61.05","59.11","51.43M","3.78%"
"03/04/2021","58.71","57.12","59.47","57.10","52.14M","3.87%"
"03/03/2021","56.52","56.42","57.96","55.88","35.36M","0.80%"
"03/02/2021","56.07","56.65","56.96","56.02","30.30M","-0.59%"
"03/01/2021","56.40","56.47","57.61","56.13","37.00M","3.73%"
"02/26/2021","54.37","54.41","55.06","53.12","35.29M","-2.49%"
"02/25/2021","55.76","56.98","57.24","55.35","29.67M","-1.66%"
"02/24/2021","56.70","55.19","57.00","54.87","28.73M","3.00%"
"02/23/2021","55.05","54.98","55.26","53.74","33.53M","1.38%"
"02/22/2021","54.30","52.59","54.81","52.59","36.44M","3.69%"
"02/19/2021","52.37","52.11","52.56","51.92","22.61M","0.67%"
"02/18/2021","52.02","52.81","52.94","51.86","20.63M","-1.57%"
"02/17/2021","52.85","52.35","53.27","51.80","25.55M","1.56%"
"02/16/2021","52.04","51.96","52.53","51.62","28.06M","3.01%"
"02/12/2021","50.52","49.43","50.71","49.41","19.76M","1.36%"
"02/11/2021","49.84","50.89","50.93","48.78","26.97M","-2.50%"
"02/10/2021","51.12","50.63","51.42","50.39","25.72M","0.97%"
"02/09/2021","50.63","50.67","50.96","49.77","28.98M","-2.82%"
"02/08/2021","52.10","50.92","52.36","50.71","37.00M","4.30%"
"02/05/2021","49.95","49.18","50.12","49.04","34.98M","3.35%"
"02/04/2021","48.33","47.88","48.38","47.25","25.28M","1.92%"
"02/03/2021","47.42","45.63","47.67","45.42","28.46M","3.92%"
"02/02/2021","45.63","45.81","46.99","45.28","31.94M","1.58%"
"02/01/2021","44.92","45.58","45.58","44.29","24.41M","0.18%"
"01/29/2021","44.84","45.55","46.04","44.51","38.96M","-2.65%"
"01/28/2021","46.06","45.94","46.59","45.69","24.97M","1.57%"
"01/27/2021","45.35","45.00","46.66","44.53","32.41M","-1.13%"
"01/26/2021","45.87","47.26","47.86","45.85","23.98M","-2.20%"
"01/25/2021","46.90","46.90","47.05","46.16","26.40M","-1.12%"
"01/22/2021","47.43","47.01","47.64","46.64","23.26M","-1.41%"
"01/21/2021","48.11","49.33","49.39","47.68","29.06M","-2.87%"
"01/20/2021","49.53","49.11","49.74","48.99","22.34M","1.41%"
"01/19/2021","48.84","48.45","49.44","48.35","24.93M","1.98%"
"01/15/2021","47.89","48.91","49.08","47.29","42.41M","-4.81%"
"01/14/2021","50.31","48.50","51.08","48.50","35.47M","3.90%"
"01/13/2021","48.42","48.53","48.71","47.69","29.00M","1.13%"
"01/12/2021","47.88","47.46","48.17","46.91","36.92M","2.22%"
"01/11/2021","46.84","45.04","47.13","44.75","38.29M","3.04%"
"01/08/2021","45.46","45.20","45.82","44.95","28.63M","1.11%"
"01/07/2021","44.96","45.00","45.57","44.53","29.53M","0.78%"
"01/06/2021","44.61","44.41","45.10","43.70","36.48M","2.55%"
"01/05/2021","43.50","41.84","44.80","41.83","44.04M","4.82%"
"01/04/2021","41.50","41.45","42.24","41.00","27.76M","0.68%"
"12/31/2020","41.22","41.47","41.68","40.97","22.79M","-0.91%"
"12/30/2020","41.60","41.33","42.42","41.27","23.81M","0.80%"
"12/29/2020","41.27","42.04","42.12","41.20","20.29M","-1.13%"
"12/28/2020","41.74","41.69","42.55","41.52","23.88M","0.34%"
"12/24/2020","41.60","41.65","41.85","41.38","8.04M","-0.41%"
"12/23/2020","41.77","41.51","42.39","41.46","19.09M","1.29%"
"12/22/2020","41.24","41.58","41.90","41.23","21.81M","-1.69%"
"12/21/2020","41.95","41.11","42.08","40.53","27.87M","-1.83%"
"12/18/2020","42.73","43.27","43.78","42.42","46.60M","-1.72%"
"12/17/2020","43.48","44.00","44.04","43.40","21.20M","-0.50%"
"12/16/2020","43.70","43.75","44.11","42.96","34.27M","1.53%"
"12/15/2020","43.04","42.44","43.22","42.06","27.24M","1.94%"
"12/14/2020","42.22","44.34","44.46","42.18","30.60M","-3.61%"
"12/11/2020","43.80","43.70","43.92","43.21","25.48M","-0.48%"
"12/10/2020","44.01","43.20","44.47","42.76","38.06M","2.83%"
"12/09/2020","42.80","42.71","43.73","42.38","37.82M","1.33%"
"12/08/2020","42.24","40.53","42.59","40.44","32.57M","3.28%"
"12/07/2020","40.90","41.42","41.54","40.67","24.90M","-1.87%"
"12/04/2020","41.68","40.77","41.76","40.65","28.72M","3.66%"
"12/03/2020","40.21","40.07","40.63","39.73","27.04M","0.68%"
"12/02/2020","39.94","38.39","40.42","38.34","29.37M","3.74%"
"12/01/2020","38.50","38.96","39.65","38.47","32.50M","0.97%"
"11/30/2020","38.13","39.80","39.88","37.97","45.61M","-5.13%"
"11/27/2020","40.19","40.70","40.94","39.87","14.97M","-1.52%"
"11/25/2020","40.81","41.67","41.71","40.65","28.18M","-2.79%"
"11/24/2020","41.98","40.51","42.08","40.22","46.98M","6.66%"
"11/23/2020","39.36","37.50","39.43","37.28","29.37M","6.55%"
"11/20/2020","36.94","37.35","37.41","36.78","18.36M","-1.23%"
"11/19/2020","37.40","36.86","37.50","36.56","26.95M","0.51%"
"11/18/2020","37.21","39.02","39.13","37.20","31.07M","-3.78%"
"11/17/2020","38.67","37.81","38.71","37.38","26.52M","1.34%"
"11/16/2020","38.16","37.59","38.17","37.10","38.60M","5.76%"
"11/13/2020","36.08","35.40","36.25","35.38","29.26M","2.41%"
"11/12/2020","35.23","35.86","36.29","34.87","30.96M","-3.43%"
"11/11/2020","36.48","37.09","37.12","36.19","34.12M","-1.03%"
"11/10/2020","36.86","37.05","37.43","35.98","49.06M","-0.19%"
"11/09/2020","36.93","36.42","38.01","36.06","76.88M","12.66%"
"11/06/2020","32.78","33.10","33.66","32.62","33.99M","-1.18%"
"11/05/2020","33.17","33.37","33.92","33.14","30.82M","-0.18%"
"11/04/2020","33.23","33.27","34.14","32.53","35.41M","-0.54%"
"11/03/2020","33.41","34.49","34.49","33.13","36.77M","-1.71%"
"11/02/2020","33.99","33.14","34.46","32.57","40.13M","4.20%"
"10/30/2020","32.62","32.41","33.14","32.01","47.90M","-1.06%"
"10/29/2020","32.97","31.41","33.13","31.11","38.62M","4.43%"
"10/28/2020","31.57","32.10","32.38","31.52","42.14M","-3.81%"
"10/27/2020","32.82","33.15","33.20","32.70","27.10M","-1.59%"
"10/26/2020","33.35","33.61","33.77","32.95","30.89M","-2.37%"
"10/23/2020","34.16","34.97","35.08","33.86","27.43M","-2.01%"
"10/22/2020","34.86","33.18","34.96","33.02","31.83M","5.13%"
"10/21/2020","33.16","33.51","33.62","33.14","28.62M","-1.60%"
"10/20/2020","33.70","33.66","33.93","33.33","23.04M","0.84%"
"10/19/2020","33.42","34.10","34.37","33.39","23.65M","-1.99%"
"10/16/2020","34.10","34.37","34.64","33.88","22.64M","-1.02%"
"10/15/2020","34.45","33.69","34.46","33.26","23.25M","0.88%"
"10/14/2020","34.15","34.06","34.83","34.03","17.76M","-0.20%"
"10/13/2020","34.22","34.73","34.87","34.10","21.00M","-1.18%"
"10/12/2020","34.63","34.54","34.73","34.23","17.91M","-0.32%"
"10/09/2020","34.74","35.68","35.95","34.65","29.23M","-1.47%"
"10/08/2020","35.26","33.88","35.34","33.76","34.41M","5.25%"
"10/07/2020","33.50","33.64","33.74","33.21","23.78M","0.33%"
"10/06/2020","33.39","34.12","34.42","33.31","26.73M","-1.04%"
"10/05/2020","33.74","33.32","33.75","33.17","22.97M","2.30%"
"10/02/2020","32.98","32.25","33.35","32.21","32.69M","-0.45%"
"10/01/2020","33.13","33.79","34.10","32.94","36.89M","-3.50%"
"09/30/2020","34.33","34.64","34.92","34.13","22.22M","0.15%"
"09/29/2020","34.28","35.00","35.11","33.99","20.79M","-2.92%"
"09/28/2020","35.31","35.14","35.90","35.10","23.40M","1.93%"
"09/25/2020","34.64","34.00","34.94","33.88","23.49M","0.93%"
"09/24/2020","34.32","34.40","34.82","33.76","26.80M","-0.20%"
"09/23/2020","34.39","35.65","35.79","34.35","31.25M","-3.21%"
"09/22/2020","35.53","36.46","36.84","35.47","27.30M","-2.47%"
"09/21/2020","36.43","36.43","36.71","35.68","35.35M","-2.04%"
"09/18/2020","37.19","37.53","37.82","36.70","46.85M","-1.61%"
"09/17/2020","37.80","37.35","37.98","36.97","24.70M","-0.03%"
"09/16/2020","37.81","36.46","38.15","36.27","30.92M","4.25%"
"09/15/2020","36.27","36.80","37.38","36.21","23.72M","-1.06%"
"09/14/2020","36.66","36.91","37.01","36.49","26.13M","-0.65%"
"09/11/2020","36.90","37.13","37.31","36.49","26.84M","-0.27%"
"09/10/2020","37.00","38.27","38.37","36.90","34.38M","-2.50%"
"09/09/2020","37.95","38.35","38.84","37.92","25.89M","-0.60%"
"09/08/2020","38.18","38.25","38.68","37.35","38.50M","-2.30%"
"09/04/2020","39.08","39.46","39.79","38.65","24.63M","-0.08%"
"09/03/2020","39.11","39.20","40.03","38.88","28.82M","-0.20%"
"09/02/2020","39.19","39.23","39.72","38.95","26.41M","-0.61%"
"09/01/2020","39.43","39.75","39.75","39.04","22.48M","-1.28%"
"08/31/2020","39.94","40.64","40.72","39.90","25.26M","-1.84%"
"08/28/2020","40.69","39.84","40.92","39.76","33.48M","2.39%"
"08/27/2020","39.74","40.00","40.30","39.31","32.03M","-0.67%"
"08/26/2020","40.01","40.64","40.83","40.00","26.79M","-2.13%"
"08/25/2020","40.88","41.66","42.06","40.70","31.29M","-3.17%"
"08/24/2020","42.22","41.28","42.51","41.09","18.21M","2.95%"
"08/21/2020","41.01","41.30","41.34","40.71","25.52M","-0.75%"
"08/20/2020","41.32","41.69","41.88","41.30","15.68M","-1.53%"
"08/19/2020","41.96","42.35","42.65","41.87","14.47M","-1.11%"
"08/18/2020","42.43","42.59","43.19","42.29","13.01M","-0.49%"
"08/17/2020","42.64","43.17","43.17","42.47","15.55M","-1.30%"
"08/14/2020","43.20","42.60","43.28","42.41","13.60M","0.44%"
"08/13/2020","43.01","43.50","43.87","42.92","17.34M","-2.45%"
"08/12/2020","44.09","44.46","44.94","43.63","22.51M","-1.96%"
"08/11/2020","44.97","45.50","46.42","44.73","28.99M","1.03%"
"08/10/2020","44.51","43.99","44.60","43.60","24.37M","2.46%"
"08/07/2020","43.44","43.23","43.52","42.81","18.76M","-0.46%"
"08/06/2020","43.64","43.40","43.90","43.25","14.43M","-0.48%"
"08/05/2020","43.85","44.15","44.31","43.53","17.45M","0.87%"
"08/04/2020","43.47","42.34","43.60","42.24","17.72M","2.89%"
"08/03/2020","42.25","42.05","42.50","41.47","23.04M","0.40%"
"07/31/2020","42.08","41.16","42.17","40.91","32.12M","0.50%"
"07/30/2020","41.87","43.13","43.18","41.83","29.90M","-4.91%"
"07/29/2020","44.03","43.71","44.09","43.34","14.14M","1.10%"
"07/28/2020","43.55","43.91","44.25","43.46","19.19M","-1.18%"
"07/27/2020","44.07","43.23","44.09","42.97","18.55M","1.47%"
"07/24/2020","43.43","43.88","44.42","43.19","16.42M","-0.62%"
"07/23/2020","43.70","43.40","43.82","43.02","17.93M","0.21%"
"07/22/2020","43.61","44.15","44.15","43.37","21.35M","-2.33%"
"07/21/2020","44.65","43.15","45.19","43.11","28.83M","5.06%"
"07/20/2020","42.50","43.21","43.51","42.47","18.55M","-2.34%"
"07/17/2020","43.52","44.33","44.69","43.39","17.97M","-1.72%"
"07/16/2020","44.28","44.31","44.81","43.79","14.67M","-0.78%"
"07/15/2020","44.63","45.03","45.09","44.21","17.33M","1.27%"
"07/14/2020","44.07","42.53","44.19","42.26","21.44M","3.31%"
"07/13/2020","42.66","42.98","43.29","42.22","20.03M","0.02%"
"07/10/2020","42.65","41.12","42.71","41.10","18.95M","3.12%"
"07/09/2020","41.36","42.90","43.10","41.29","25.88M","-4.13%"
"07/08/2020","43.14","43.15","43.93","42.84","18.29M","-0.23%"
"07/07/2020","43.24","43.90","44.00","43.11","17.41M","-2.59%"
"07/06/2020","44.39","44.67","45.08","43.84","22.69M","0.70%"
"07/02/2020","44.08","44.62","45.19","43.93","18.22M","0.85%"
"07/01/2020","43.71","44.49","45.38","43.67","17.29M","-2.26%"
"06/30/2020","44.72","43.43","44.97","43.16","22.15M","0.90%"
"06/29/2020","44.32","43.81","44.58","43.54","17.05M","1.60%"
"06/26/2020","43.62","44.88","44.94","43.50","31.52M","-3.43%"
"06/25/2020","45.17","44.05","45.24","43.69","19.35M","1.51%"
"06/24/2020","44.50","45.91","45.96","44.25","27.63M","-4.71%"
"06/23/2020","46.70","46.90","47.22","46.50","18.92M","0.60%"
"06/22/2020","46.42","45.69","46.44","45.40","17.57M","0.96%"
"06/19/2020","45.98","48.22","48.26","45.98","48.90M","-2.00%"
"06/18/2020","46.92","46.11","47.33","45.77","21.48M","0.62%"
"06/17/2020","46.63","48.00","48.13","46.60","19.28M","-3.26%"
"06/16/2020","48.20","49.57","49.75","47.24","26.20M","2.25%"
"06/15/2020","47.14","45.35","47.76","44.75","27.93M","-0.06%"
"06/12/2020","47.17","48.04","48.62","45.91","30.98M","2.14%"
"06/11/2020","46.18","47.53","48.84","46.10","39.18M","-8.83%"
"06/10/2020","50.65","53.50","53.50","50.60","31.16M","-5.36%"
"06/09/2020","53.52","52.88","53.97","52.45","27.28M","-2.23%"
"06/08/2020","54.74","54.72","55.36","53.46","33.58M","3.13%"
"06/05/2020","53.08","51.65","53.45","51.60","41.33M","8.11%"
"06/04/2020","49.10","48.88","49.15","48.16","18.73M","-0.28%"
"06/03/2020","49.24","48.00","49.40","47.95","23.42M","4.08%"
"06/02/2020","47.31","46.86","47.45","46.75","22.32M","2.23%"
"06/01/2020","46.28","45.32","46.45","44.80","19.04M","1.78%"
"05/29/2020","45.47","44.82","45.69","44.37","25.89M","0.95%"
"05/28/2020","45.04","46.43","46.46","44.93","19.71M","-2.60%"
"05/27/2020","46.24","46.66","47.14","45.41","20.79M","0.72%"
"05/26/2020","45.91","45.74","46.30","45.47","20.36M","2.94%"
"05/22/2020","44.60","44.05","44.67","43.45","15.41M","0.09%"
"05/21/2020","44.56","45.44","45.79","44.39","19.13M","-1.79%"
"05/20/2020","45.37","44.62","45.58","44.57","19.35M","3.25%"
"05/19/2020","43.94","45.55","46.63","43.93","21.77M","-3.09%"
"05/18/2020","45.34","44.40","45.58","44.06","32.05M","7.95%"
"05/15/2020","42.00","42.38","43.01","41.85","22.45M","-0.71%"
"05/14/2020","42.30","41.07","42.55","40.20","24.86M","0.88%"
"05/13/2020","41.93","43.74","43.87","41.60","30.83M","-4.96%"
"05/12/2020","44.12","45.42","45.67","44.12","25.44M","-3.54%"
"05/11/2020","45.74","46.11","46.20","45.51","22.26M","-0.95%"
"05/08/2020","46.18","45.31","46.22","44.98","20.00M","4.39%"
"05/07/2020","44.24","44.96","45.27","43.97","22.16M","0.57%"
"05/06/2020","43.99","44.93","45.27","43.90","22.66M","-1.87%"
"05/05/2020","44.83","46.26","47.15","44.66","29.28M","-0.11%"
"05/04/2020","44.88","42.51","44.94","42.22","27.47M","4.03%"
"05/01/2020","43.14","45.63","46.39","43.00","35.40M","-7.17%"
"04/30/2020","46.47","47.68","47.68","45.77","37.08M","-2.09%"
"04/29/2020","47.46","46.26","47.60","46.16","29.50M","5.54%"
"04/28/2020","44.97","44.37","45.39","44.11","26.55M","2.34%"
"04/27/2020","43.94","43.59","44.32","42.23","28.27M","0.48%"
"04/24/2020","43.73","44.40","44.89","43.13","28.67M","0.64%"
"04/23/2020","43.45","43.13","44.66","42.81","35.27M","3.13%"
"04/22/2020","42.13","42.60","42.93","41.86","27.08M","2.86%"
"04/21/2020","40.96","40.40","42.13","39.63","44.38M","-0.53%"
"04/20/2020","41.18","40.75","42.73","40.54","39.26M","-4.72%"
"04/17/2020","43.22","39.88","43.32","39.87","40.83M","10.40%"
"04/16/2020","39.15","40.48","40.48","38.93","30.93M","-3.29%"
"04/15/2020","40.48","41.00","41.06","39.38","33.13M","-4.60%"
"04/14/2020","42.43","43.00","43.75","41.91","30.77M","-0.77%"
"04/13/2020","42.76","44.45","44.69","41.97","29.65M","-0.86%"
"04/09/2020","43.13","45.46","46.71","41.74","60.21M","-1.64%"
"04/08/2020","43.85","41.95","44.04","41.47","33.36M","6.33%"
"04/07/2020","41.24","42.90","43.31","41.16","48.92M","1.90%"
"04/06/2020","40.47","39.88","40.83","39.23","41.30M","3.21%"
"04/03/2020","39.21","41.45","42.18","38.52","48.43M","-2.95%"
"04/02/2020","40.40","38.74","41.96","37.90","62.00M","7.65%"
"04/01/2020","37.53","36.86","38.70","36.34","36.05M","-1.16%"
"03/31/2020","37.97","38.34","39.45","37.37","41.49M","1.25%"
"03/30/2020","37.50","36.23","38.15","35.86","45.83M","1.49%"
"03/27/2020","36.95","37.13","37.68","36.20","51.56M","-4.82%"
"03/26/2020","38.82","37.50","39.56","36.72","46.75M","4.10%"
"03/25/2020","37.29","36.51","38.59","35.18","56.61M","5.22%"
"03/24/2020","35.44","34.42","36.17","33.33","61.84M","12.69%"
"03/23/2020","31.45","32.53","32.70","30.11","56.95M","-3.94%"
"03/20/2020","32.74","34.84","35.18","31.56","76.53M","-4.91%"
"03/19/2020","34.43","33.73","34.90","32.35","49.41M","3.96%"
"03/18/2020","33.12","34.55","36.71","31.23","54.04M","-10.02%"
"03/17/2020","36.81","35.21","37.38","34.20","41.20M","6.73%"
"03/16/2020","34.49","34.40","37.88","33.25","48.92M","-9.52%"
"03/13/2020","38.12","40.01","40.14","35.00","79.89M","2.53%"
"03/12/2020","37.18","39.90","40.65","37.00","65.73M","-11.43%"
"03/11/2020","41.98","42.39","43.48","41.75","52.02M","-3.29%"
"03/10/2020","43.41","46.17","46.26","41.45","60.38M","3.70%"
"03/09/2020","41.86","41.71","44.57","40.80","72.90M","-12.22%"
"03/06/2020","47.69","48.84","49.01","47.20","55.64M","-4.83%"
"03/05/2020","50.11","50.42","50.70","49.04","40.79M","-4.41%"
"03/04/2020","52.42","52.23","52.48","51.12","24.08M","2.18%"
"03/03/2020","51.30","53.95","54.15","50.98","50.58M","-4.79%"
"03/02/2020","53.88","52.59","53.89","51.13","38.13M","4.74%"
"02/28/2020","51.44","48.77","51.44","48.01","62.47M","3.25%"
"02/27/2020","49.82","51.71","52.44","49.80","48.14M","-6.02%"
"02/26/2020","53.01","54.55","54.82","52.93","29.81M","-2.20%"
"02/25/2020","54.20","56.75","56.75","53.97","36.41M","-3.83%"
"02/24/2020","56.36","57.62","57.80","56.36","32.10M","-4.68%"
"02/21/2020","59.13","59.51","59.51","58.79","20.32M","-1.22%"
"02/20/2020","59.86","60.23","60.54","59.72","14.82M","-0.80%"
"02/19/2020","60.34","60.11","60.62","59.83","12.80M","0.77%"
"02/18/2020","59.88","60.15","60.39","59.45","18.95M","-1.27%"
"02/14/2020","60.65","61.15","61.16","60.28","10.86M","-0.46%"
"02/13/2020","60.93","61.06","61.42","60.56","16.95M","-0.55%"
"02/12/2020","61.27","61.34","61.53","60.56","17.86M","1.22%"
"02/11/2020","60.53","60.58","60.89","60.17","14.91M","0.95%"
"02/10/2020","59.96","60.48","60.52","59.62","20.93M","-2.46%"
"02/07/2020","61.47","61.41","61.66","61.06","15.11M","-0.66%"
"02/06/2020","61.88","62.93","63.01","61.78","16.06M","-1.36%"
"02/05/2020","62.73","60.75","62.92","60.60","32.10M","4.60%"
"02/04/2020","59.97","61.45","61.91","59.89","31.92M","-1.25%"
"02/03/2020","60.73","61.38","61.42","60.37","27.40M","-2.24%"
"01/31/2020","62.12","63.20","63.20","61.86","34.28M","-4.12%"
"01/30/2020","64.79","63.78","64.88","63.43","18.54M","1.06%"
"01/29/2020","64.11","65.03","65.13","63.90","14.23M","-0.84%"
"01/28/2020","64.65","65.11","65.20","64.63","19.66M","-0.14%"
"01/27/2020","64.74","65.42","65.73","64.70","21.23M","-2.38%"
"01/24/2020","66.32","66.54","66.67","66.04","18.24M","-0.67%"
"01/23/2020","66.77","66.71","66.93","66.05","19.61M","-0.63%"
"01/22/2020","67.19","67.56","67.70","67.00","17.03M","-0.58%"
"01/21/2020","67.58","68.38","68.42","67.51","17.98M","-1.43%"
"01/17/2020","68.56","68.75","69.08","68.29","18.14M","-0.38%"
"01/16/2020","68.82","69.30","69.58","68.80","13.34M","-0.39%"
"01/15/2020","69.09","69.20","69.59","68.89","11.39M","-0.16%"
"01/14/2020","69.20","69.38","69.58","68.89","16.27M","-0.86%"
"01/13/2020","69.80","69.20","69.87","69.11","9.97M","0.95%"
"01/10/2020","69.14","69.93","69.96","69.12","12.00M","-0.89%"
"01/09/2020","69.76","69.14","69.90","68.62","14.81M","0.77%"
"01/08/2020","69.23","70.11","70.28","69.17","15.14M","-1.51%"
"01/07/2020","70.29","70.50","70.52","69.51","17.50M","-0.82%"
"01/06/2020","70.87","70.32","71.36","70.23","20.08M","0.77%"
"01/03/2020","70.33","71.34","71.37","70.16","17.39M","-0.80%"
"01/02/2020","70.90","70.24","71.02","70.24","12.41M","1.61%"